Title,Seller Level,Average Rating,Number of Reviewers,Price (USD),Seller_Level_Encoded,Demand_Score,Value_Score,Cluster,PCA1,PCA2
"I will do excel formulas, vba macros, charts, forms, addins",Level 2 Seller,5.0,56,41.43333333333333,2.0,280.0,6.75784392598552,1,0.1019516851089484,0.14404138520580792
"I will do data mining, web scraping, data extraction,excel CSV job",Top Rated Seller,5.0,1000,15.538095238095238,3.0,5000.0,321.7897640208397,2,8.353752789496705,-0.023830245218819674
"I will do web scraping , data scraping, scraping emails, website scraping",Level 2 Seller,5.0,63,10.361904761904762,2.0,315.0,30.399816176470587,1,0.30923055096770624,-0.048739407775552995
"I will do python web scraping , data entry , and data extraction",Level 2 Seller,5.0,266,5.180952380952381,2.0,1330.0,256.7095588235294,1,3.025261572031111,-0.2018709919996523
I will data scraping web site scraping and data collection,Level 2 Seller,4.9,275,20.71904761904762,2.0,1347.5,65.03677315559642,1,1.7980023453884326,-0.33221284107140553
"I will do perfect web scraping, data mining for you using python",Level 2 Seller,5.0,181,10.361904761904762,2.0,905.0,87.3391544117647,1,1.407463818947924,-0.06728071271480408
I will write web scraper using python for you,Top Rated Seller,5.0,211,51.79047619047619,3.0,1055.0,20.370540639941154,1,1.5061004352686531,0.2502515066797032
"I will do web scraping, crawling and data mining with python and nodejs",Top Rated Seller,5.0,398,82.86190476190477,3.0,1990.0,24.015861157404746,1,2.6782392973909483,0.4599262954846321
"I will do website scraping, python scripts automation, web scrapers",Level 2 Seller,5.0,61,20.71904761904762,2.0,305.0,14.720753849689727,1,0.1920999498249153,0.02115393165207897
I will automate your documents with python scripts,Clients,5.0,16,103.58095238095238,0.0,80.0,0.7723427730783377,0,-0.9258861805313414,0.4396649977919506
I will compose advanced excel formulas and automate excel with vba,Level 2 Seller,5.0,861,5.180952380952381,2.0,4305.0,830.9283088235294,2,10.407706435443666,-0.5004511286313464
I will help you to create your excel project,Level 1 Seller,4.9,16,5.180952380952381,1.0,78.4,15.132352941176471,0,-0.4667519731141821,-0.4610560457811687
"I will automate microsoft excel spreadsheet, excel vba and macros",Level 2 Seller,4.9,125,20.71904761904762,2.0,612.5,29.56216961618019,1,0.6483848253640614,-0.3347183494774797
"I will do web scraping, data mining of any website using python",Level 2 Seller,5.0,630,5.180952380952381,2.0,3150.0,607.9963235294117,2,7.54158078258938,-0.38453178146845335
I will do accurate and lightning fast excel work,Level 2 Seller,5.0,502,15.538095238095238,2.0,2510.0,161.53846153846155,2,3.8745598894233058,-0.03055658755186741
I will automate your workspace with google apps script,Top Rated Seller,5.0,82,103.58095238095238,3.0,410.0,3.9582567120264804,1,0.580109004671826,0.5331504885448501
I will create professional excel and google sheets,Level 2 Seller,5.0,96,31.07619047619048,2.0,480.0,15.445908673000305,1,0.41001633980390684,0.08626898113707009
"I will create your custom excel with vba, macros, dashboard and more",Clients,5.0,27,155.36666666666667,0.0,135.0,0.8689122505900021,0,-0.8768712390479249,0.7370020508200674
"I will do web scraping, data mining and automation task on any website",,5.0,7,20.71904761904762,0.0,35.0,1.6892668352102966,0,-0.9440468289698375,-0.03525381144403689
"I will automate excel, CSV, or google sheets data tasks using python scripting",Level 1 Seller,5.0,25,5.180952380952381,1.0,125.0,24.126838235294116,0,-0.32356740938401474,-0.10872767796093258
I will do automation and build bots in python and selenium,,5.0,123,20.71904761904762,0.0,615.0,29.682831532980924,0,-0.04421006329935249,-0.033493683867083575
"I will create excel and google sheets macros, vba, apps script, api",,5.0,57,181.2619047619048,0.0,285.0,1.5723105214764217,0,-0.6960924341423802,0.8898113164061702
I will be your perfect google sheets wizard,Top Rated Seller,5.0,65,98.4,3.0,325.0,3.3028455284552845,1,0.47237352628891033,0.5008823398070557
"I will do any microsoft excel formula, excel macro, excel vba and chart",Top Rated Seller,5.0,1000,51.79047619047619,3.0,5000.0,96.5428466347922,2,6.8925739547808345,0.34382175097280077
"I will do web scraping, data mining, extraction and data collection",Level 2 Seller,5.0,990,10.361904761904762,2.0,4950.0,477.7113970588235,2,8.936876647727551,-0.1943986423406866
"I will do product scraping, web scraping, image scraping",Level 2 Seller,4.9,100,5.180952380952381,2.0,490.00000000000006,94.57720588235294,1,0.9184716079136364,-0.4744172981117191
I will do web scraping and data mining with python up to 100k rows,Level 2 Seller,5.0,75,20.71904761904762,2.0,375.0,18.09928752011032,1,0.30070093878514625,0.021366360842400924
I will automate your social media searches,Clients,5.0,1,191.6190476190476,0.0,5.0,0.0260934393638171,0,-1.0575755339846222,0.9394812607845361
I will do anything on excel and word templates macros vba formatting,Top Rated Seller,5.0,529,93.2190476190476,3.0,2645.0,28.374029423784233,1,3.515337298757922,0.5404515820680171
I will do web scraping data scraping using python web scraper,,5.0,22,10.361904761904762,0.0,110.0,10.615808823529411,0,-0.7896162242956019,-0.09788546331969453
I will automate your excel with vba and macros,Level 2 Seller,5.0,156,10.361904761904762,2.0,780.0,75.27573529411764,1,1.1747872791216065,-0.06335247014292886
I will code an indicator or strategy in tradingview pinescript,Level 2 Seller,5.0,117,51.79047619047619,2.0,585.0,11.295513056270687,1,0.5057373225453456,0.2113095342400747
"I will develop excel macros, complex formulas and pivot tables",Top Rated Seller,5.0,365,51.79047619047619,3.0,1825.0,35.238139021699155,1,2.5574526811556946,0.26851490036935727
"I will do excel spreadsheet, excel vba, data entry, excel functions",Top Rated Seller,4.9,416,51.79047619047619,3.0,2038.4,39.35858771607209,1,2.8460995356356102,-0.0826954790370573
I will solve your excel or google sheets problem,Top Rated Seller,5.0,873,41.43333333333333,3.0,4365.0,105.34995977473855,2,6.164892500371189,0.254642464619339
"I will do web scraping , data mining and extraction with python",Level 2 Seller,5.0,34,31.07619047619048,2.0,170.0,5.4704259883542745,1,-0.038890886858593654,0.08176619884733795
"I will provide best service in excel, macro, vba, formula, automation",Top Rated Seller,5.0,615,31.07619047619048,3.0,3075.0,98.95035243640821,2,4.5264328782914935,0.15175581311438466
"I will do web scraping, data extraction or build custom web scraper",Top Rated Seller,5.0,337,20.71904761904762,3.0,1685.0,81.32613192369571,1,2.691719500014971,0.05313600808514878
"I will do web scraper, web scraping, data mining, data extraction",Level 1 Seller,4.9,423,10.361904761904762,1.0,2072.7000000000003,200.0307904411765,2,3.220112780617222,-0.48803008529757325
I will create excel formula pivot table excel vba macros dashboards,Level 2 Seller,5.0,115,10.361904761904762,2.0,575.0,55.49172794117647,1,0.7931977538064462,-0.05691015232505349
"I will accurately do data mining, data collection, web scraping",Level 2 Seller,5.0,26,15.538095238095238,2.0,130.0,8.366533864541832,1,-0.06397142573187316,-0.010419451187149925
"I will data mining, web scraping, data processing, aggregate data",Top Rated Seller,5.0,1000,155.36666666666667,3.0,5000.0,32.181935207037114,2,6.439281151033697,0.9805090321713298
I will help you in python,,4.9,27,5.180952380952381,0.0,132.3,25.535845588235293,0,-0.6909455443193131,-0.4942396351898813
I will do your microsoft excel spreadsheet google sheet excel vba,Level 1 Seller,5.0,517,10.361904761904762,1.0,2585.0,249.47150735294116,2,4.176007889239555,-0.14787047956181568
I will do automated excel spreadsheet  with excel formula and excel expert,Level 2 Seller,5.0,22,10.361904761904762,2.0,110.0,10.615808823529411,1,-0.07235897434745417,-0.042297089957677614
"I will do your excel spreadsheet and google sheet projects, vba, formula, functions",Level 2 Seller,5.0,891,10.361904761904762,2.0,4455.0,429.94025735294116,2,8.015477550015337,-0.1788428017560607
"I will automate your excel with vba, macros, and formulas",Level 2 Seller,5.0,22,10.361904761904762,2.0,110.0,10.615808823529411,1,-0.07235897434745417,-0.042297089957677614
I will do web scraping and data extraction from any website,Level 2 Seller,5.0,54,31.07619047619048,2.0,270.0,8.68832362856267,1,0.10591789593576133,0.08321870926338058
I will scrape websites and build scrapers for data mining using python,Level 2 Seller,5.0,107,10.361904761904762,2.0,535.0,51.631433823529406,1,0.7187412610620247,-0.05565311470205341
I will web scrape or mine data from a webpage or website,Level 2 Seller,5.0,1000,10.361904761904762,2.0,5000.0,482.5367647058823,2,9.029947263658078,-0.1959699393694367
"I will be expert in excel, microsoft excel, google sheets, vba, formula, charts etc",Level 2 Seller,5.0,1000,31.07619047619048,2.0,5000.0,160.89488201041985,2,6.955373322108753,0.15192245194219672
I will create you a beautiful custom excel spreadsheet or google sheet,Level 2 Seller,5.0,55,10.361904761904762,2.0,275.0,26.53952205882353,1,0.2347740582232847,-0.04748237015255292
"I will provide service in excel, macros, vba, formulas, and report",Top Rated Seller,5.0,1000,103.58095238095238,3.0,5000.0,48.2714233173961,2,6.56253850221589,0.6736730702367374
"I will automate microsoft excel, vba macros formulas, ms excel data dashboard services",Top Rated Seller,5.0,589,41.43333333333333,3.0,2945.0,71.07803700724055,2,4.181998177186562,0.22585769407339476
"I will do web scraping using python beautifulsoup, selenium, scrapy",Level 2 Seller,5.0,65,31.07619047619048,2.0,325.0,10.45816733067729,1,0.18556272647265662,0.08401758999220403
I will do anything with excel and macros vba as fast as possible,Level 2 Seller,5.0,371,10.361904761904762,2.0,1855.0,179.02113970588235,1,3.175805521627936,-0.09713535626105588
"I will be your google sheets formula, script, and automation expert",Top Rated Seller,5.0,177,103.58095238095238,3.0,885.0,8.54404192717911,1,1.199205739167127,0.54769258577876
I will be the problem solving excel expert for microsoft excel assignment and project,Level 2 Seller,5.0,161,10.361904761904762,2.0,805.0,77.68841911764706,1,1.22132258708687,-0.06413811865730391
"I will automate google sheet and excel formulas, macros, vba, apps script, api",Top Rated Seller,5.0,333,103.58095238095238,3.0,1665.0,16.074383964692903,1,2.215827745285726,0.5715722401839174
I will scrape data using selenium,,5.0,11,31.07619047619048,0.0,55.0,1.7698437021146183,0,-0.9226782370202495,0.02450743850687204
"I will do web scraping, data mining and web crawling using python from any website",Level 2 Seller,5.0,140,20.71904761904762,2.0,700.0,33.78533670420593,1,0.8049198161005043,0.022352639226038563
"I will do web scraping, data scraping and data extraction",Level 2 Seller,5.0,1000,20.71904761904762,2.0,5000.0,241.32383360147094,2,7.476123423657549,0.035401860917244225
"I will do excel vba, macros, automation, ms excel and formulas",Level 2 Seller,4.9,122,20.71904761904762,2.0,597.8000000000001,28.852677545391867,1,0.625392474963574,-0.33476845964560115
I will create and fix any excel formula and macros,Level 2 Seller,5.0,1000,10.361904761904762,2.0,5000.0,482.5367647058823,2,9.029947263658078,-0.1959699393694367
"I will do web scraping, data mining, data scraping, automation",Level 2 Seller,5.0,120,20.71904761904762,2.0,600.0,28.958860032176513,1,0.6497755461573173,0.022049168954150055
"I will automate your excel, csv, xml, json data tasks using python",Level 2 Seller,4.9,50,5.180952380952381,2.0,245.00000000000003,47.28860294117647,1,0.3074031816911693,-0.44992001298579126
"I will do perfect web scrapping,data from any website in any format",Level 2 Seller,5.0,344,5.180952380952381,2.0,1720.0,331.985294117647,2,3.9930442600078826,-0.24101258974296683
"I will do web scraping, data mining, and data extraction",Level 2 Seller,4.9,424,10.361904761904762,2.0,2077.6000000000004,200.50367647058826,2,3.587924373525434,-0.46038805237933106
I will do ms excel macro excel vba microsoft function formula automation,Level 2 Seller,5.0,69,10.361904761904762,2.0,345.0,33.295036764705884,1,0.3650729205260224,-0.04968218599280306
I will simplify and streamline google sheets with apps script,Top Rated Seller,5.0,53,77.68571428571428,3.0,265.0,3.411180581095991,1,0.4065412579953916,0.38041711488056923
I will build intuitive google sheets spreadsheet or fix your sheet,Top Rated Seller,5.0,352,77.68571428571428,3.0,1760.0,22.655388010297905,1,2.3859788751647395,0.4227498220170434
I will do microsoft excel macro excel vba excel formula spreadsheet,Level 2 Seller,5.0,186,10.361904761904762,2.0,930.0,89.75183823529412,1,1.4539991269131876,-0.06806636122917914
I will linkedin company and person all information scraping,Level 2 Seller,5.0,94,5.180952380952381,2.0,470.0,90.71691176470588,1,0.891176670338742,-0.11555875082208697
I will do anything you need in excel spreadsheet,Level 2 Seller,5.0,846,15.538095238095238,2.0,4230.0,272.2341403616304,2,6.720893444913602,-0.04510947601712543
"I will do data mining, web scraping, data extraction, web crawling and data collection",Top Rated Seller,5.0,1000,31.07619047619048,3.0,5000.0,160.89488201041985,2,7.314001947082827,0.17971663862320517
I will build deploy web scraping scripts in python or node js to  vps with gui,Top Rated Seller,5.0,65,176.08095238095237,3.0,325.0,1.8457419476972172,1,0.43319230869213393,0.9449511356239515
I will automate your excel or google sheets spreadsheet with macros,Level 2 Seller,5.0,129,129.47142857142856,2.0,645.0,4.981794107911288,1,0.5098310774903084,0.6610981788554158
I will do python web scraping and data mining,Top Rated Seller,5.0,702,41.43333333333333,3.0,3510.0,84.7144006436042,2,4.970966693101572,0.23731078939625289
I will get you financial data from bloomberg,,5.0,26,15.538095238095238,0.0,130.0,8.366533864541832,0,-0.7812286756800209,-0.06600782454916684
"I will develop excel formulas, reports and dashboards",Level 2 Seller,5.0,85,51.79047619047619,2.0,425.0,8.206141963957338,1,0.28727451820518113,0.2075145433435232
"I will do web scraping, website scraping, web scraper in python",Top Rated Seller,5.0,637,77.68571428571428,3.0,3185.0,40.99852887090842,2,4.272733794540204,0.4631003957090005
I will collect and scrape best quality leads from your required instagram accounts,Level 2 Seller,4.9,43,5.180952380952381,2.0,210.70000000000002,40.66819852941177,1,0.221853602020024,-0.44649039306816135
"I will do web scraping, data extraction and data mining",Level 2 Seller,5.0,88,20.71904761904762,2.0,440.0,21.23649735692944,1,0.40154471424821786,0.021563616519128456
I will do anything you need in excel vba for mac and windows,Level 2 Seller,5.0,65,31.07619047619048,2.0,325.0,10.45816733067729,1,0.18556272647265662,0.08401758999220403
"I will do web scraping, data mining in 5 hours",Level 2 Seller,4.9,243,25.895238095238096,2.0,1190.7,45.98142699521883,1,1.4769542872542953,-0.2950209352955224
I will do web crawling or web scraping  from  directory website,Level 2 Seller,4.9,215,10.361904761904762,2.0,1053.5,101.6704963235294,1,1.6686840752906023,-0.4285879159611915
I will scrap websites and provide cleaned data within 24 hours,Level 1 Seller,5.0,27,10.361904761904762,1.0,135.0,13.028492647058822,0,-0.3844522913562646,-0.07087692515306113
I will conduct web scraping using python,Level 2 Seller,5.0,43,10.361904761904762,2.0,215.0,20.74908088235294,1,0.12308931910665238,-0.04559681371805282
I will do any work in excel or google sheet including automation,Level 2 Seller,5.0,105,51.79047619047619,2.0,525.0,10.13699889665318,1,0.42381377091778394,0.20988641265386787
I will develop google sheets formulas and dashboard,Level 1 Seller,4.9,21,10.361904761904762,1.0,102.9,9.93060661764706,0,-0.47144032890623305,-0.42686427266555366
"I will manual web scraping, data mining, data collection for accuracy",,5.0,3,5.180952380952381,0.0,15.0,2.895220588235294,0,-0.9551603822489729,-0.1254819268169036
I will do any algorithm work using python,Level 2 Seller,5.0,270,41.43333333333333,2.0,1350.0,32.58246178600161,1,1.5961044497621524,0.16573131794113208
I will be your google sheets expert for fixing or building a sheet on a video call,Top Rated Seller,5.0,44,41.43333333333333,3.0,220.0,5.3097345132743365,1,0.37679604290620716,0.17061931397642438
"I will be trusted virtual assistant for data entry, data mining, web research, scraping",,4.9,99,5.180952380952381,0.0,485.1,93.6314338235294,0,0.18899298944103915,-0.5295157257712174
I will create professional excel and google spreadsheets,Level 2 Seller,5.0,304,41.43333333333333,2.0,1520.0,36.68543845534996,1,1.8334932067631284,0.1691773820205761
"I will do web scraping from any url, website upto 50k",Level 2 Seller,4.9,123,5.180952380952381,2.0,602.7,116.32996323529412,1,1.199563083975971,-0.485686049269646
I will create a custom excel spreadsheet with formulas or macro,Level 2 Seller,5.0,1000,10.361904761904762,2.0,5000.0,482.5367647058823,2,9.029947263658078,-0.1959699393694367
"I will create microsoft excel spreadsheets, vba, functions, formulas expert",Level 2 Seller,4.9,141,10.361904761904762,2.0,690.9000000000001,66.67693014705883,1,0.9891444481643943,-0.41732853751649135
I will design a professional dashboard in google sheets or excel,Level 2 Seller,5.0,51,25.895238095238096,2.0,255.0,9.847370356748804,1,0.09673386304416577,0.052280240282806006
I will do web scraping and data mining,Level 2 Seller,5.0,237,5.180952380952381,2.0,1185.0,228.72242647058823,1,2.6654449316294904,-0.18731834668483027
"I will do excel, excel vba, microsoft excel, data entry, and excel formulas automation",Level 2 Seller,5.0,371,20.71904761904762,2.0,1855.0,89.53114226614572,1,2.596836133944315,0.02585772086635078
"I will do python scripts, web scraping, PDF extraction and automation",Level 2 Seller,5.0,38,25.895238095238096,2.0,190.0,7.337256344244207,1,-8.067872564319596e-05,0.05163503752849343
"I will do web scraping, find email address and contact info by linkedin research",Level 2 Seller,4.8,31,20.71904761904762,2.0,148.79999999999998,7.181797287979774,1,-0.10346785261255756,-0.6932756624014883
I will do microsoft excel spreadsheet google sheet excel vba dashboard excel sheet,Level 2 Seller,5.0,74,10.361904761904762,2.0,370.0,35.70772058823529,1,0.4116082284912858,-0.050467834507178094
"I will accurately scrape linkedin for leads, emails, etc",Level 2 Seller,5.0,15,31.07619047619048,2.0,75.0,2.4134232301562974,1,-0.17645923051323092,0.08038631395209747
"I will do web scraping data extraction to csv,json,xml and database",Level 2 Seller,4.9,132,20.71904761904762,2.0,646.8000000000001,31.217651114686284,1,0.7020336429651988,-0.3346014257518629
I will do python web scraping data extraction for any site in 1 day,,4.9,8,10.361904761904762,0.0,39.2,3.7830882352941178,0,-0.9494475370241002,-0.45268046043060123
I will do web scraping and data extraction for any website,Level 2 Seller,5.0,106,103.58095238095238,2.0,530.0,5.116770871643987,1,0.37788376525445966,0.5090300948492505
I will do excel formula macro vba dashboard chart graph google sheets userform,Level 2 Seller,5.0,655,10.361904761904762,2.0,3275.0,316.0615808823529,2,5.8190110140549,-0.1417601918775585
I will do thorough internet research for contacts,Level 2 Seller,4.9,178,15.538095238095238,2.0,872.2,56.13300643579528,1,1.1467593671939982,-0.37340747665443946
"I will do data collection, email collection,data mining,linkedin scraping, web scraping",Level 2 Seller,5.0,59,5.180952380952381,2.0,295.0,56.939338235294116,1,0.4569152077850623,-0.09799521337316379
"I will build python scripts do web scraping, data mining extraction",Level 2 Seller,5.0,60,20.71904761904762,2.0,300.0,14.479430016088257,1,0.18434273632775594,0.021138758138484547
"I will do excel, spreadsheet, graphs, formulas, data entry, macros,vba, cashflow,pivot",Level 2 Seller,4.9,169,5.180952380952381,2.0,828.1,159.83547794117646,1,1.7617460361006407,-0.5082235515854996
"I will scrape product data from amazon, ebay, shopify and any ecommerce website",Level 2 Seller,5.0,88,5.180952380952381,2.0,440.0,84.92647058823529,1,0.8167318481866825,-0.11254785868798585
"I will automate excel, google sheets, macros, vba, and apps script",Level 2 Seller,5.0,57,20.71904761904762,2.0,285.0,13.755458515283843,1,0.16107109583627793,0.02109323759770127
I will scrape data from any website to csv or import to wordpress,Level 2 Seller,4.9,75,20.71904761904762,2.0,367.5,17.737301769708115,1,0.2651789853559376,-0.3355535189461711
"I will create web scraper for scraping, web crawler, and bots to automate the task",,5.0,86,5.180952380952381,0.0,430.0,82.99632352941175,0,0.07465965752118163,-0.16713260133863572
I will scrape google maps business data with emails,Level 2 Seller,5.0,26,5.180952380952381,2.0,130.0,25.09191176470588,1,0.04746868594873574,-0.08143530663560766
I will do web scraping data extraction for any website,Level 2 Seller,4.9,400,20.71904761904762,2.0,1960.0000000000002,94.59894277177662,1,2.7560169454087418,-0.33012491739967703
"I will do python web scraping, data mining, data scraping, web scraper",Level 2 Seller,5.0,214,20.71904761904762,2.0,1070.0,51.64330039071478,1,1.3789536148902966,0.02347547923202603
I will do web scraping data scraping data extraction in python,Level 2 Seller,5.0,68,10.361904761904762,2.0,340.0,32.8125,1,0.35576585893296964,-0.049525056289928045
"I will scrape, crawl, data mining any website",Level 2 Seller,5.0,18,20.71904761904762,2.0,90.0,4.3438290048264765,1,-0.1414602305529369,0.02050147056751869
I will build web scraper with octoparse in 24 hours,Level 2 Seller,4.9,99,51.79047619047619,2.0,485.1,9.36658698050754,1,0.3469376176526971,-0.14791308241390902
I will make professional excel and google sheets,Top Rated Seller,5.0,431,103.58095238095238,3.0,2155.0,20.80498344979772,1,2.8544749029756153,0.5865735615410034
I will do data mining or be your professional web scraper,Level 2 Seller,5.0,471,10.361904761904762,2.0,2355.0,227.27481617647058,2,4.106511680933205,-0.11284832654855681
"I will create professional excel templates, do macros, vba, formulas, excel automation",Level 2 Seller,5.0,165,10.361904761904762,2.0,825.0,79.61856617647058,1,1.258550833459081,-0.06476663746880394
I will do import products reviews from amazon to shopify,Level 2 Seller,5.0,181,5.180952380952381,2.0,905.0,174.6783088235294,1,1.970626591543603,-0.15921668676655318
I will solve or create formulas for google sheets and excel,Top Rated Seller,5.0,936,10.361904761904762,3.0,4680.0,451.65441176470586,2,8.792923946676781,-0.15811945170442765
I will do python web scraping and automation,Level 2 Seller,5.0,94,51.79047619047619,2.0,470.0,9.075027583670467,1,0.3487171819258523,0.20858188453317833
"I will do web scraping, data mining any website upto 50k in 1 day",Level 2 Seller,5.0,946,10.361904761904762,2.0,4730.0,456.4797794117647,2,8.527365937633235,-0.1874849354141862
"I will build excel spreadsheet, charts, pivottables, macros",Level 2 Seller,4.9,304,20.71904761904762,2.0,1489.6000000000001,71.89519650655022,1,2.020261732593144,-0.3317284427795645
"I will assist you with excel formulas, charts, and data entry",Level 2 Seller,5.0,73,10.361904761904762,2.0,365.0,35.22518382352941,1,0.4023011668982332,-0.050310704804303094
I will scrape google maps businesses data with emails,Level 2 Seller,5.0,425,10.361904761904762,2.0,2125.0,205.078125,2,3.678386847652781,-0.10562036021630637
I will scrape active targeted email and data from any social media platform,Level 2 Seller,4.9,70,5.180952380952381,2.0,343.0,66.20404411764706,1,0.5518305521801561,-0.4597189270361624
"I will do web scraping,data extraction data mining from any website",Level 2 Seller,5.0,241,10.361904761904762,2.0,1205.0,116.29136029411764,1,1.9658875145310855,-0.07670849488730463
"I will do advance excel automation vba python, web scraping",,4.9,26,10.361904761904762,0.0,127.4,12.295036764705882,0,-0.7841541142096172,-0.45541922816039315
I will do web scraping using excel vba,Level 2 Seller,5.0,444,10.361904761904762,2.0,2220.0,214.24632352941177,2,3.855221017920782,-0.10860582457093156
"I will automate your google sheets scripts, spreadsheets and automation",Level 2 Seller,5.0,194,5.180952380952381,2.0,970.0,187.22426470588235,1,2.1319237062063983,-0.16574028639043895
"I will do microsoft excel formulas, automation, macros, and vba",Level 2 Seller,5.0,129,15.538095238095238,2.0,645.0,41.51087955868832,1,0.7882737958248148,-0.014776856745061481
I will do python web scraping data mining from any website,Level 2 Seller,5.0,103,20.71904761904762,2.0,515.0,24.856354860951505,1,0.5179029167056082,0.021791219223044833
I will professionally do your web scraping or python scripts,Level 2 Seller,5.0,254,62.147619047619045,2.0,1270.0,20.435215692284117,1,1.4107976897285999,0.2895446109808924
I will do scrape products and upload in shopify or woocommerce,Level 2 Seller,5.0,46,5.180952380952381,2.0,230.0,44.393382352941174,1,0.295618093122267,-0.09147161374927805
"I will do excel formulas, macros, vba, task automation, forms",Level 2 Seller,5.0,135,5.180952380952381,2.0,675.0,130.28492647058823,1,1.3998829550444811,-0.13613318040511127
"I will excel spreadsheet excel vba, excel formulas, excel macros, google sheets scripts",Level 2 Seller,4.9,152,10.361904761904762,2.0,744.8000000000001,71.87867647058823,1,1.0901570954399118,-0.41900222890691974
I will automate your google sheet using scripts,Level 2 Seller,5.0,377,5.180952380952381,2.0,1885.0,363.8327205882353,2,4.402490781844209,-0.257572496480523
"I will do data entry,data mining,web scraping and data extraction",,5.0,12,5.180952380952381,0.0,60.0,11.580882352941176,0,-0.8434931490208838,-0.12999826501805528
"I will do anything you need in excel, vba and macros very fast",,5.0,295,82.86190476190477,0.0,1475.0,17.80070110913166,0,0.9231343604389063,0.36166508560878113
"I will do anything in microsoft excel, excel vba, excel macro, formulas and dashboard",Level 1 Seller,5.0,59,31.07619047619048,1.0,295.0,9.49279803861477,0,-0.2165085333397238,0.055787650186382785
"I will do vba programming, macros, and advanced excel, contact me first",,5.0,215,25.895238095238096,0.0,1075.0,41.513424052960644,0,0.6008292938843777,0.004831347821347726
"I will your excel google spreadsheet,formulas, functions,vba consultant",Level 2 Seller,5.0,92,10.361904761904762,2.0,460.0,44.393382352941174,1,0.5791353371662343,-0.05329616915892827
"I will do web scraping, data extraction and automate any web tasks",,5.0,39,51.79047619047619,0.0,195.0,3.765171018756896,0,-0.7440230129819532,0.14647087056771355
I will write python programs for data scrapping and automation,Level 1 Seller,5.0,13,25.895238095238096,1.0,65.0,2.510114012504597,0,-0.5448911147955035,0.022600076319960805
I will do web scraping or web automation,Level 2 Seller,5.0,34,10.361904761904762,2.0,170.0,16.40625,1,0.03932576476917814,-0.04418264639217773
I will do scala and spark related tasks,Level 2 Seller,5.0,140,31.07619047619048,2.0,700.0,22.52528348145878,1,0.728595661951488,0.08946450405236386
I will manage your data related tasks sql etl CSV json excel,Level 2 Seller,5.0,40,10.361904761904762,2.0,200.0,19.301470588235293,1,0.09516813432749426,-0.045125424609427776
"I will do your python work, scripts, dataanalysis, csv, api",Top Rated Seller,4.9,60,51.79047619047619,3.0,294.0,5.676719382125781,1,0.44221987534808105,-0.12472303848096959
"I will python script to parse, extract, convert data csv, json, html, xml",,5.0,17,51.79047619047619,0.0,85.0,1.6412283927914675,0,-0.8942161909658162,0.1438618143263344
I will implement all your data needs in AWS and oracle cloud,,5.0,15,5.180952380952381,0.0,75.0,14.47610294117647,0,-0.8062707379448542,-0.13150371108510583
I will do automation and build bots in python and selenium,Level 2 Seller,4.8,18,10.361904761904762,2.0,86.39999999999999,8.338235294117645,1,-0.17113399474948154,-0.7555586782463186
I will automate your business processes through custom webforms,,5.0,1,2589.4142857142856,0.0,5.0,0.0019309386016694344,0,-1.9781603286216578,14.614541044488673
I will do google sheets and  docs API integrations,Level 2 Seller,5.0,11,258.9428571428571,2.0,55.0,0.21240207436831074,1,-0.30289793095169354,1.3807714834620775
I will create python program for web automation and bots,Level 2 Seller,5.0,43,51.79047619047619,2.0,215.0,4.151342405296065,1,0.0005420875087151896,0.20253361779179938
I will scrap zillow in less than 24 hours using rest apis,Level 1 Seller,5.0,27,31.07619047619048,1.0,135.0,4.344161814281335,0,-0.44820258581069183,0.05346363352071459
"I will do big data analytics in pyspark, kafka, sqs, aws sagemaker",,5.0,29,41.43333333333333,0.0,145.0,3.499597747385358,0,-0.8038201659870334,0.08571643154540899
"I will do a python script to parse, extract, convert data from CSV, XML, json, HTML,txt",Level 2 Seller,5.0,128,103.58095238095238,2.0,640.0,6.178742184626701,1,0.5212535353481084,0.5123977384192087
I will help you big data spark hive hadoop nosql database,Level 2 Seller,5.0,27,5.180952380952381,2.0,135.0,26.056985294117645,1,0.0598761563074123,-0.08193712199129118
I will build data pipeline with python on cloud,Level 2 Seller,5.0,12,36.25238095238095,2.0,60.0,1.6550637068172862,1,-0.20193877998181972,0.10988607038677045
I will make any labview code or project,Level 2 Seller,5.0,50,10.361904761904762,2.0,250.0,24.126838235294116,1,0.18823875025802125,-0.04669672163817788
I will create a python script for fetching data from any API,Level 1 Seller,4.9,36,20.71904761904762,1.0,176.4,8.513904849459895,0,-0.3923501948244728,-0.36399913781275883
I will data scientist data engineer data analysis or  visualization,Level 1 Seller,5.0,4,25.895238095238096,1.0,20.0,0.7723427730783377,0,-0.6119165667899866,0.022153397490052098
I will clean and transform dataset for data analysis and visualization,Level 1 Seller,5.0,3,20.71904761904762,1.0,15.0,0.7239715008044129,0,-0.616447057984401,-0.007520318817406139
I will be your AWS data engineer,Level 1 Seller,5.0,7,25.895238095238096,1.0,35.0,1.3515998528870907,0,-0.5895747494584923,0.022302290433355004
I will write custom scripts get data from PDF and webs automatically,Top Rated Seller,5.0,4,72.5047619047619,3.0,20.0,0.27584395113621435,1,0.08425880254393533,0.34391863604373796
I will be your data engineering guy,Level 1 Seller,5.0,1,5.180952380952381,1.0,5.0,0.9650735294117646,0,-0.6213466979922522,-0.09668410942452811
"I will audit, help or develop ssis and stored procedure in sql server",,5.0,2,41.43333333333333,0.0,10.0,0.24135156878519712,0,-0.9923347671348676,0.08297985124702696
"I will do analysis using r, python and SAS languages on your tasks",Level 1 Seller,5.0,3,31.07619047619048,1.0,15.0,0.48268464603125955,0,-0.6219731251639178,0.05172062102146344
I will develop etl pipeline using azure data factory and databricks,,5.0,1,15.538095238095238,0.0,5.0,0.3217897640208397,0,-0.9880843119801879,-0.06495020184093586
I will create custom glue etl jobs,,5.0,3,155.36666666666667,0.0,15.0,0.09654580562111134,0,-1.0307935374691228,0.733052424806298
I will extract text from image file,,5.0,1,20.71904761904762,0.0,5.0,0.24132383360147094,0,-0.9905901099527936,-0.03534485252560344
I will build apache airflow etl pipelines,Level 1 Seller,5.0,9,10.361904761904762,1.0,45.0,4.342830882352941,0,-0.551979400031213,-0.06804859050131093
"I will automate your google sheets, drive, gmail, calendar",,5.0,1,31.07619047619048,0.0,5.0,0.16089488201041985,0,-0.9950826284174272,0.023781183298850726
I will do data augmentation on images,,5.0,5,31.07619047619048,0.0,25.0,0.8044744100520992,0,-0.9661208718585562,0.02407168538205925
I will use datafactory and databricks to solve your problems,,5.0,2,15.538095238095238,0.0,10.0,0.6435795280416794,0,-0.9798100865281811,-0.06499250674926511
I will produce gps machine control model or earthwork takeoff,,5.0,1,51.79047619047619,0.0,5.0,0.0965428466347922,0,-1.0034475931358986,0.14196431887805866
I will integrate API with google sheets or docs using apps script,Level 2 Seller,5.0,6,31.07619047619048,2.0,30.0,0.9653692920625191,1,-0.24162318277069067,0.07973268426487828
I will do scrapping with scrapy python,Level 2 Seller,5.0,5,10.361904761904762,2.0,25.0,2.4126838235294117,1,-0.2305790214293499,-0.03962588500880245
I will code powershell and python scripts with sql server,Level 1 Seller,4.8,12,10.361904761904762,1.0,57.599999999999994,5.558823529411764,0,-0.5841158653748945,-0.7824697979913825
"I will do etl, elt based task with apache spark and python",,5.0,1,51.79047619047619,0.0,5.0,0.0965428466347922,0,-1.0034475931358986,0.14196431887805866
"I will data cleaning, wrangling and organize your dataset using python",Level 1 Seller,5.0,1,5.180952380952381,1.0,5.0,0.9650735294117646,0,-0.6213466979922522,-0.09668410942452811
I will get new sources and splunk troubleshooting,,5.0,4,25.895238095238096,0.0,20.0,0.7723427730783377,0,-0.9705451917640604,-0.005640789190956349
"I will do PDF data extraction, image ocr, web scraping in python",Level 2 Seller,5.0,69,51.79047619047619,2.0,345.0,6.661456417800662,1,0.17804311603509881,0.20561704789524748
I will prepare alteryx workflows and excel sheets,,5.0,4,25.895238095238096,0.0,20.0,0.7723427730783377,0,-0.9705451917640604,-0.005640789190956349
I will create spark or pyspark programs for your etl,,5.0,2,25.895238095238096,0.0,10.0,0.3861713865391688,0,-0.9854397366517234,-0.005740051153158283
"I will do data engineering, data warehouse, databases related project",,5.0,1,25.895238095238096,0.0,5.0,0.1930856932695844,0,-0.9928870090955549,-0.00578968213425925
I will do high quality website,,5.0,1,756.1095238095238,0.0,5.0,0.006612798599346278,0,-1.2743888089922386,4.158882363068057
I will implement optimization methods for your research,Level 1 Seller,5.0,2,10.361904761904762,1.0,10.0,0.9650735294117646,0,-0.6171288311825819,-0.06694868258118589
I will create your data science and machine learning models in python and r,,5.0,1,103.58095238095238,0.0,5.0,0.0482714233173961,0,-1.0236382965042838,0.43736887717607015
"I will create and build bots script, automation  and web scraping",,5.0,10,5.180952380952381,0.0,50.0,9.650735294117647,0,-0.868308089738237,-0.12899463430668826
I will create a sap gui automation script for you,,5.0,1,25.895238095238096,0.0,5.0,0.1930856932695844,0,-0.9928870090955549,-0.00578968213425925
I will do optimization of process parameter for your research,Level 1 Seller,4.6,6,10.361904761904762,1.0,27.599999999999998,2.66360294117647,0,-0.6970376372420963,-1.4955962607181899
I will connect any data source to bigquery,Level 1 Seller,5.0,4,51.79047619047619,1.0,20.0,0.3861713865391688,0,-0.6243380802549342,0.1701142859556188
"I will do data warehouse, etl, data extraction, data visualization",,5.0,2,5.180952380952381,0.0,10.0,1.9301470588235292,0,-0.9675678526076494,-0.1249801114612201
"I will select engineering material for you, using ces material selector",Level 2 Seller,5.0,1,15.538095238095238,2.0,5.0,0.3217897640208397,1,-0.2708270620320401,-0.009361828478918964
I will migrate your on prem data to AWS cloud,,5.0,1,51.79047619047619,0.0,5.0,0.0965428466347922,0,-1.0034475931358986,0.14196431887805866
"I will create pfd, professional pid from pfd on autocad plant 3d or visio",,5.0,4,10.361904761904762,0.0,20.0,1.9301470588235292,0,-0.9571433329705503,-0.09505712866794436
"I will do data analysis and visualization with r studio, bi, data studio",,5.0,2,15.538095238095238,0.0,10.0,0.6435795280416794,0,-0.9798100865281811,-0.06499250674926511
"I will develop data etl, pipelines, sql and data analytics",Level 2 Seller,5.0,1,5.180952380952381,2.0,5.0,0.9650735294117646,1,-0.26271807301817834,-0.06888992274351965
"I will accomplish any big data activities like etl, analytical processing, migrations",,5.0,4,20.71904761904762,0.0,20.0,0.9652953344058838,0,-0.9673184694613155,-0.03529933198482017
"I will help you with alteryx, pandas, sql and tableau for data cleansing and automation",Level 1 Seller,5.0,33,15.538095238095238,1.0,165.0,10.61906221268771,0,-0.36468047254190034,-0.038509772226463054
"I will help you in data engineering in azure,AWS and gcp",Level 1 Seller,5.0,1,51.79047619047619,1.0,5.0,0.0965428466347922,0,-0.6448189681618246,0.1697585055590671
"I will make your python work, scripts, data analysis, csv, api",,5.0,2,5.180952380952381,0.0,10.0,1.9301470588235292,0,-0.9675678526076494,-0.1249801114612201
I will do data etl and data orchestration workflow,Level 1 Seller,5.0,2,51.79047619047619,1.0,10.0,0.1930856932695844,0,-0.6379920055261944,0.16987709902458434
I will create machine learning models for predictive analysis,Level 2 Seller,5.0,1,51.79047619047619,2.0,5.0,0.0965428466347922,1,-0.2861903431877508,0.19755269224007554
I will do data integration etl job using talend,Level 1 Seller,5.0,8,5.180952380952381,1.0,40.0,7.720588235294117,0,-0.5344944054815162,-0.10019681691431276
"I will do data engineering pipeline using aws, azure, gcp, spark",,5.0,1,10.361904761904762,0.0,5.0,0.4825367647058823,0,-0.9850645177497084,-0.09458573955931932
I will develop and modify existing ssis packages,,5.0,1,20.71904761904762,0.0,5.0,0.24132383360147094,0,-0.9905901099527936,-0.03534485252560344
"I will develop etl pipelines in azuredatafactory,synapse,databricks,snowflake,python",,5.0,4,36.25238095238095,0.0,20.0,0.5516879022724287,0,-0.9759386937410413,0.053585412809508653
I will create API data collection scripts in python,,5.0,3,15.538095238095238,0.0,15.0,0.9653692920625192,0,-0.9715358610761744,-0.06503481165759437
I will write python programs for web scraping and web automation,,4.8,2,20.71904761904762,0.0,9.6,0.4633417605148242,0,-1.0402846855525074,-0.749392800452949
I will design and build a full dbt project on snowflake,,5.0,1,517.8857142857142,0.0,5.0,0.009654639744014124,0,-1.1829234941470665,2.800248446484337
I will schedule data extraction from bigquery and dump it into google drive,Level 1 Seller,5.0,17,31.07619047619048,1.0,85.0,2.7352129941771373,0,-0.5206069772078693,0.05273737831269327
"I will do data warehouse, etl, ssis,ssrs,ssas, data visualization",,4.9,8,25.895238095238096,0.0,39.2,1.5137918352335418,0,-0.96999098615062,-0.3624701599271455
I will create topographic map using surveys data,Level 1 Seller,4.3,1,25.895238095238096,1.0,4.3,0.16605369621184257,0,-0.834644577334093,-2.4772319536724465
I will do python and machine learning projects,,5.0,3,10.361904761904762,0.0,15.0,1.447610294117647,0,-0.9664503945636029,-0.09489999896506936
I will create data integration pipelines using talend,,4.8,2,10.361904761904762,0.0,9.6,0.926470588235294,0,-1.0333332331012004,-0.8087922064458168
I will automate google sheets using apps script or python,Level 2 Seller,5.0,17,25.895238095238096,2.0,85.0,3.282456785582935,1,-0.15647340004610383,0.05059278692537312
I will do data science and etl pipeline development,,5.0,2,62.147619047619045,0.0,10.0,0.1609072101754655,0,-1.0008031287003019,0.20117448189426881
I will do data cleaning data wrangling or visualization in python,Level 2 Seller,5.0,62,41.43333333333333,2.0,310.0,7.481898632341111,1,0.14384381869735594,0.1446495141610039
"I will do web scraping, extraction, and data collection",,5.0,1,5.180952380952381,0.0,5.0,0.9650735294117646,0,-0.9799753229663261,-0.12447829610553655
I will help with data engineering pipelines in python and gcp,,5.0,1,41.43333333333333,0.0,5.0,0.12067578439259856,0,-0.9993167893996021,0.08287849642116098
I will use pyspark and datadricks in your etl pipeline,Level 2 Seller,5.0,2,103.58095238095238,2.0,10.0,0.0965428466347922,1,-0.29986423882460644,0.4931103252458124
"I will do data engineering pipeline using spark, hive, sql, hbase",,4.9,4,10.361904761904762,0.0,19.6,1.8915441176470589,0,-0.9861794087606521,-0.4520718453795364
I will nft collections from opensea data mining scraping floor price,,4.7,1,31.07619047619048,0.0,4.7,0.15124118908979467,0,-1.0809500155102998,-1.0473215356103283
I will do python web scraping and data extraction for any website,,5.0,4,25.895238095238096,0.0,20.0,0.7723427730783377,0,-0.9705451917640604,-0.005640789190956349
I will do historical web scraping and any python programming tasks,,5.0,5,5.180952380952381,0.0,25.0,4.825367647058823,0,-0.9303454415316199,-0.12648555752827062
"I will integrate apis into excel, google forms and sheets",,5.0,15,51.79047619047619,0.0,75.0,1.4481426995218831,0,-0.9078701162370765,0.14362462739529994
I will do roof measurements similar to eagle view,,5.0,2,10.361904761904762,0.0,10.0,0.9650735294117646,0,-0.9757574561566557,-0.09474286926219434
I will use machine learning skills to modify gan for data synthesis,,5.0,1,72.5047619047619,0.0,5.0,0.06896098778405359,0,-1.011576301084006,0.2601211887854539
I will do data engineering pipeline using google cloud platform,Level 1 Seller,5.0,57,51.79047619047619,1.0,285.0,5.502942258183156,0,-0.2625090605665367,0.1763997396280322
I will connect any API with google sheet,Level 2 Seller,5.0,39,46.60952380952381,2.0,195.0,4.18369431957499,1,-0.022087869355483115,0.1722124134798493
I will be web scraping data from the target website,,5.0,1,51.79047619047619,0.0,5.0,0.0965428466347922,0,-1.0034475931358986,0.14196431887805866
I will do web scraping automation with python,Level 1 Seller,5.0,8,41.43333333333333,1.0,40.0,0.9654062751407885,0,-0.5918140085723861,0.11138216688323142
I will provide stock market data for 1 to 1000 tickers since ipo,,5.0,1,10.361904761904762,0.0,5.0,0.4825367647058823,0,-0.9850645177497084,-0.09458573955931932
I will assist in engineering economics problems,,3.7,2,20.71904761904762,0.0,7.4,0.357159273730177,0,-1.3562695255853097,-4.676739968378114
"I will do excel related work, dashboards,  automation and vbas",,5.0,1,5.180952380952381,0.0,5.0,0.9650735294117646,0,-0.9799753229663261,-0.12447829610553655
I will scrap ecommerce site for products and reviews,Level 1 Seller,1.0,1,20.71904761904762,1.0,1.0,0.048264766720294186,3,-1.7772733990363074,-14.288874289694558
I will do data analysis  using spss and make a report,,5.0,4,5.180952380952381,0.0,20.0,3.8602941176470584,0,-0.9427529118902963,-0.12598374217258715
"I will do eda, features engineering and modeling in python",,5.0,4,20.71904761904762,0.0,20.0,0.9652953344058838,0,-0.9673184694613155,-0.03529933198482017
I will do business intelligence and data warehousing project,Level 1 Seller,5.0,3,31.07619047619048,1.0,15.0,0.48268464603125955,0,-0.6219731251639178,0.05172062102146344
"I will do anything related to ssis, ssas, ssms, ssrs, etl, data viz",,5.0,6,10.361904761904762,0.0,30.0,2.895220588235294,0,-0.938529209784445,-0.09537138807369437
"I will do big data analysis using pyspark, databricks, sql, lambda and AWS",Level 1 Seller,5.0,10,20.71904761904762,1.0,50.0,2.413238336014709,0,-0.5621465635042856,-0.007414104222245166
I will do a webscraper or webcrawler for your data extraction needs in python,,5.0,37,41.43333333333333,0.0,185.0,4.465004022526147,0,-0.7479639878691566,0.086527270152337
I will scrape data from any website,,5.0,1,20.71904761904762,0.0,5.0,0.24132383360147094,0,-0.9905901099527936,-0.03534485252560344
"I will design and develope database projects,queries, er diagrams",,5.0,2,25.895238095238096,0.0,10.0,0.3861713865391688,0,-0.9854397366517234,-0.005740051153158283
I will integrate your machine learning models with apps,Level 2 Seller,5.0,6,82.86190476190477,2.0,30.0,0.36204815815183033,1,-0.2653783791917631,0.37550656769228746
"I will provide big data solutions using hadoop, spark, hive etc",,5.0,12,41.43333333333333,0.0,60.0,1.4481094127111827,0,-0.9225145444875216,0.08399339950568696
I will clean or create visuals using your data in python,,5.0,2,5.180952380952381,0.0,10.0,1.9301470588235292,0,-0.9675678526076494,-0.1249801114612201
"I will do python scripts, data parsing, converting  excel, CSV, json, txt",,4.9,5,103.58095238095238,0.0,24.5,0.2365299742552409,0,-1.02645220964103,0.08094041479442825
I will build python projects and web automation projects,,4.3,1,10.361904761904762,0.0,4.3,0.41498161764705876,0,-1.1857110814432112,-2.593793251282758
I will do google spreadsheets automation using python scripts,Level 2 Seller,5.0,2,51.79047619047619,2.0,10.0,0.1930856932695844,1,-0.2793633805521206,0.19767128570559278
I will do any machine learning and deep learning project,,5.0,1,62.147619047619045,0.0,5.0,0.08045360508773275,0,-1.0075267142895112,0.20104439556202833
I will do advance statistical analysis,,4.9,5,5.180952380952381,0.0,24.5,4.728860294117647,0,-0.9598156518571986,-0.483460829734473
I will integrate your data with talend via etl process,,5.0,2,51.79047619047619,0.0,10.0,0.1930856932695844,0,-0.9966206305002683,0.1420829123435759
I will create any type of AWS services,,5.0,6,10.361904761904762,0.0,30.0,2.895220588235294,0,-0.938529209784445,-0.09537138807369437
"I will perform data analysis using big data, hadoop, pyspark, scala",,5.0,4,31.07619047619048,0.0,20.0,0.6435795280416794,0,-0.9733613109982738,0.023999059861257124
I will do financial data scraping,Level 1 Seller,5.0,1,5.180952380952381,1.0,5.0,0.9650735294117646,0,-0.6213466979922522,-0.09668410942452811
"I will code python reusable web scraper bot, data scraper",,5.0,2,31.07619047619048,0.0,10.0,0.3217897640208397,0,-0.9878421892777094,0.023853808819652864
I will do data pipelines with airflow,,5.0,1,103.58095238095238,0.0,5.0,0.0482714233173961,0,-1.0236382965042838,0.43736887717607015
I will develop jupyter notebook for python and data analysis,Level 2 Seller,5.0,4,15.538095238095238,2.0,20.0,1.2871590560833588,1,-0.24600438567602007,-0.009488743203906675
I will provide civil engineering related data,,5.0,2,31.07619047619048,0.0,10.0,0.3217897640208397,0,-0.9878421892777094,0.023853808819652864
I will automate any  processes with rpa bots,,5.0,1,5.180952380952381,0.0,5.0,0.9650735294117646,0,-0.9799753229663261,-0.12447829610553655
I will do data manipulation using pandas python,Level 1 Seller,4.8,6,25.895238095238096,1.0,28.799999999999997,1.112173593232806,0,-0.6551441987223733,-0.6918064927746522
"I will do data analysis projects using power bi, sql, python, excel",,5.0,3,10.361904761904762,0.0,15.0,1.447610294117647,0,-0.9664503945636029,-0.09489999896506936
"I will do data analysis,visualization,ml using rstudio",Level 2 Seller,5.0,6,5.180952380952381,2.0,30.0,5.790441176470588,1,-0.20068072122479555,-0.07139899952193726
"I will do big data analysis in python,pyspark,hive, sql,mapreduce etc",,5.0,21,15.538095238095238,0.0,105.0,6.757585044437634,0,-0.8225998029400543,-0.06579630000752064
I will create data warehouses and etl pipelines,Level 2 Seller,5.0,4,20.71904761904762,2.0,20.0,0.9652953344058838,1,-0.25006121951316784,0.020289041377196736
"I will do web scraping, data mining, data extraction from any website or API",,5.0,2,5.180952380952381,0.0,10.0,1.9301470588235292,0,-0.9675678526076494,-0.1249801114612201
I will develop system administration in your organization,,5.0,1,5.180952380952381,0.0,5.0,0.9650735294117646,0,-0.9799753229663261,-0.12447829610553655
"I will develop data engineering, devops, mlops applications for you",,5.0,8,5.180952380952381,0.0,40.0,7.720588235294117,0,-0.89312303045559,-0.1279910035953212
"I will do any etl task in spark, scala, pyspark, databricks",,5.0,1,10.361904761904762,0.0,5.0,0.4825367647058823,0,-0.9850645177497084,-0.09458573955931932
"I will provide the best service in word, excel, formula, automation",Level 1 Seller,5.0,4,5.180952380952381,1.0,20.0,3.8602941176470584,0,-0.5841242869162225,-0.09818955549157868
I will code aws lambda functions on amazon aws,,5.0,3,5.180952380952381,0.0,15.0,2.895220588235294,0,-0.9551603822489729,-0.1254819268169036
I will configure and install hadoop and big data services,,4.7,1,15.538095238095238,0.0,4.7,0.30248237817958934,0,-1.0740137262517977,-1.1360460249243671
I will automate websites or other processes using python selenium,,5.0,1,31.07619047619048,0.0,5.0,0.16089488201041985,0,-0.9950826284174272,0.023781183298850726
I will fix data in elasticsearch,Level 1 Seller,5.0,1,36.25238095238095,1.0,5.0,0.13792197556810717,0,-0.63858856769612,0.08111249290980029
"I will do web scraping, and web automation using python",Level 2 Seller,5.0,5,20.71904761904762,2.0,25.0,1.2066191680073546,1,-0.24230400601600852,0.020304214890791164
"I will do machine learning, data science and python projects",,5.0,2,10.361904761904762,0.0,10.0,0.9650735294117646,0,-0.9757574561566557,-0.09474286926219434
"I will do sql query, database, data analysis, software design",,5.0,6,5.180952380952381,0.0,30.0,5.790441176470588,0,-0.9179379711729432,-0.12698737288395415
"I will do data entry, web research, excel,lead generation, virtual assistant",Level 1 Seller,5.0,3,5.180952380952381,1.0,15.0,2.895220588235294,0,-0.596531757274899,-0.09768774013589517
I will do data migrations to cloud platforms like google bigquery,,5.0,4,20.71904761904762,0.0,20.0,0.9652953344058838,0,-0.9673184694613155,-0.03529933198482017
"I will resolve big data, spark, hadoop, kafka, hive problem for you",,4.9,8,51.79047619047619,0.0,39.2,0.7568959176167709,0,-0.9847944892790605,-0.21424445552142035
I will do data migration etl from source to bigquery,,5.0,1,10.361904761904762,0.0,5.0,0.4825367647058823,0,-0.9850645177497084,-0.09458573955931932
I will do database etl warehouse sql nosql bi and dashboard reports,,5.0,4,5.180952380952381,0.0,20.0,3.8602941176470584,0,-0.9427529118902963,-0.12598374217258715
"I will do big data ,automation and build bots in python",,5.0,1,15.538095238095238,0.0,5.0,0.3217897640208397,0,-0.9880843119801879,-0.06495020184093586
I will google sheets and drive API tasks,Level 1 Seller,5.0,4,51.79047619047619,1.0,20.0,0.3861713865391688,0,-0.6243380802549342,0.1701142859556188
"I will automate your powerapp, powerbi or sql with python bots",,5.0,1,25.895238095238096,0.0,5.0,0.1930856932695844,0,-0.9928870090955549,-0.00578968213425925
I will do artificial intelligence project for you,,5.0,3,51.79047619047619,0.0,15.0,0.2896285399043766,0,-0.9897936678646381,0.14220150580909313
I will do pyspark coding in databricks,,5.0,5,20.71904761904762,0.0,25.0,1.2066191680073546,0,-0.9595612559641562,-0.03528415847122574
"I will do machine learning, data science, data analysis, data mining project in python",,5.0,1,10.361904761904762,0.0,5.0,0.4825367647058823,0,-0.9850645177497084,-0.09458573955931932
I will scrape data for your project,,5.0,1,51.79047619047619,0.0,5.0,0.0965428466347922,0,-1.0034475931358986,0.14196431887805866
I will do python projects for you,,5.0,2,5.180952380952381,0.0,10.0,1.9301470588235292,0,-0.9675678526076494,-0.1249801114612201
"I will do bash, shell, python, numpy, pandas, opencv, scikit learn assignments projects",,5.0,1,10.361904761904762,0.0,5.0,0.4825367647058823,0,-0.9850645177497084,-0.09458573955931932
I will do data engineering as a virtual assistant,Level 1 Seller,5.0,1,103.58095238095238,1.0,5.0,0.0482714233173961,0,-0.6650096715302098,0.46516306385707856
I will generate data files from your data like nft json service,Level 2 Seller,5.0,10,82.86190476190477,2.0,50.0,0.6034135969197172,1,-0.23900093988963417,0.3760843793362807
"I will extract, transform and load on your data",Level 1 Seller,5.0,4,10.361904761904762,1.0,20.0,1.9301470588235292,0,-0.5985147079964764,-0.0672629419869359
"I will etl process on your mysql, sqllite data",Level 1 Seller,5.0,4,10.361904761904762,1.0,20.0,1.9301470588235292,0,-0.5985147079964764,-0.0672629419869359
I will help you with informatica etl development,,5.0,1,20.71904761904762,0.0,5.0,0.24132383360147094,0,-0.9905901099527936,-0.03534485252560344
"I will provide big data solutions using hadoop, pyspark, hive etc",,5.0,1,15.538095238095238,0.0,5.0,0.3217897640208397,0,-0.9880843119801879,-0.06495020184093586
I will build and model data for your business use case in bigquery,Level 2 Seller,5.0,5,554.1380952380953,2.0,25.0,0.04511510797549175,1,-0.4545278096326646,3.063315335870227
I will do big data analytics using apache spark,,5.0,3,31.07619047619048,0.0,15.0,0.48268464603125955,0,-0.9806017501379916,0.02392643434045499
"I will help with data engineering in gcp,azure postgres, snowflake",Level 2 Seller,4.8,8,491.9904761904762,2.0,38.4,0.07805029133355271,1,-0.4699127125608053,1.9953158912761975
I will help you  write and optimize queries in sql,,5.0,3,5.180952380952381,0.0,15.0,2.895220588235294,0,-0.9551603822489729,-0.1254819268169036
I will do data engineering using aws and python,,5.0,1,20.71904761904762,0.0,5.0,0.24132383360147094,0,-0.9905901099527936,-0.03534485252560344
I will help you with teradata developer activities,,5.0,2,20.71904761904762,0.0,10.0,0.4826476672029419,0,-0.9828328964556343,-0.03532967901200902
I will provide you any data engineering service,Level 1 Seller,5.0,4,41.43333333333333,1.0,20.0,0.48270313757039424,0,-0.6197420976313245,0.11097674757976742
"I will do categorization or classification of your image, text, video data",,5.0,2,10.361904761904762,0.0,10.0,0.9650735294117646,0,-0.9757574561566557,-0.09474286926219434
I will make dashboard for iot,Level 1 Seller,5.0,6,5.180952380952381,1.0,30.0,5.790441176470588,0,-0.5593093461988694,-0.09919318620294572
I will do surveying problems and assignments,,5.0,1,10.361904761904762,0.0,5.0,0.4825367647058823,0,-0.9850645177497084,-0.09458573955931932
I will build data engineering pipelines,,5.0,2,51.79047619047619,0.0,10.0,0.1930856932695844,0,-0.9966206305002683,0.1420829123435759
"I will develop data etl pipelines, analytics and reporting solutions",,5.0,2,51.79047619047619,0.0,10.0,0.1930856932695844,0,-0.9966206305002683,0.1420829123435759
I will do data engineering pipeline using google cloud platform,,5.0,1,15.538095238095238,0.0,5.0,0.3217897640208397,0,-0.9880843119801879,-0.06495020184093586
I will write your python programs and script,Level 1 Seller,5.0,2,5.180952380952381,1.0,10.0,1.9301470588235292,0,-0.6089392276335756,-0.09718592478021164
I will build your trading bot in python,,5.0,1,20.71904761904762,0.0,5.0,0.24132383360147094,0,-0.9905901099527936,-0.03534485252560344
I will design database with the integration of web API,,5.0,3,5.180952380952381,0.0,15.0,2.895220588235294,0,-0.9551603822489729,-0.1254819268169036
I will do etl work for you using microsoft tools,,5.0,1,10.361904761904762,0.0,5.0,0.4825367647058823,0,-0.9850645177497084,-0.09458573955931932
I will do apache spark projects,,5.0,2,20.71904761904762,0.0,10.0,0.4826476672029419,0,-0.9828328964556343,-0.03532967901200902
I will migrate your data into snowflake,,5.0,1,103.58095238095238,0.0,5.0,0.0482714233173961,0,-1.0236382965042838,0.43736887717607015
I will create scalable etl big data pipelines with python on cloud,,5.0,11,41.43333333333333,0.0,55.0,1.3274336283185841,0,-0.9294965667522561,0.08389204467982096
I will do excel automation and excel vba for fast data processing,Level 2 Seller,4.8,17,129.47142857142856,2.0,81.6,0.630254882489242,1,-0.2724639799140323,-0.07093414134266873
I will do research oriented technical writing on data science,,4.7,1,5.180952380952381,0.0,4.7,0.9071691176470588,0,-1.066152731932336,-1.1955465485621266
"I will do data engineering, analytics projects across technologies",,5.0,2,25.895238095238096,0.0,10.0,0.3861713865391688,0,-0.9854397366517234,-0.005740051153158283
I will do big data with hadoop kafka spark pandas,,5.0,3,51.79047619047619,0.0,15.0,0.2896285399043766,0,-0.9897936678646381,0.14220150580909313
I will help setup and build dbt models for data transformation,,5.0,2,41.43333333333333,0.0,10.0,0.24135156878519712,0,-0.9923347671348676,0.08297985124702696
I will write etl pipeline with airflow,,5.0,4,41.43333333333333,0.0,20.0,0.48270313757039424,0,-0.9783707226053984,0.08318256089875896
I will do missing data handling using python,,5.0,1,10.361904761904762,0.0,5.0,0.4825367647058823,0,-0.9850645177497084,-0.09458573955931932
I will provide the services of presentation and video lectures,Level 1 Seller,5.0,1,10.361904761904762,1.0,5.0,0.4825367647058823,0,-0.6264358927756345,-0.06679155287831086
"I will do load flow , short circuit analysis and design using etap",,5.0,3,5.180952380952381,0.0,15.0,2.895220588235294,0,-0.9551603822489729,-0.1254819268169036
"I will do web scraping, crawling using scrapy, bs4, selenium",,5.0,37,77.68571428571428,0.0,185.0,2.3813902169915413,0,-0.7752677001198386,0.29476925947238136
I will do web scraping and data mining from any website,Level 1 Seller,5.0,12,31.07619047619048,1.0,60.0,1.9307385841250382,0,-0.5568091729064579,0.05237425070868262
I will design pv solar system and do the  estimation and all the required design,,5.0,1,10.361904761904762,0.0,5.0,0.4825367647058823,0,-0.9850645177497084,-0.09458573955931932
"I will work with spark,kafka and cassandra projects",,5.0,1,124.29523809523808,0.0,5.0,0.040226802543866375,0,-1.031641473241878,0.5555117912439245
I will machine learning projects and thesis work,,5.0,1,103.58095238095238,0.0,5.0,0.0482714233173961,0,-1.0236382965042838,0.43736887717607015
"I will do quick analysis ,make excel sheet, dash board for farmer",Level 1 Seller,5.0,1,20.71904761904762,1.0,5.0,0.24132383360147094,0,-0.6319614849787197,-0.0075506658445949875
I will write a python script for a large CSV,,5.0,1,10.361904761904762,0.0,5.0,0.4825367647058823,0,-0.9850645177497084,-0.09458573955931932
I will create data warehouses and data visualization,,5.0,1,15.538095238095238,0.0,5.0,0.3217897640208397,0,-0.9880843119801879,-0.06495020184093586
I will create azure data factory pipeline to do etl transformations,Level 1 Seller,5.0,3,98.4,1.0,15.0,0.1524390243902439,0,-0.6499382792631464,0.4359158958646718
I will provide data engineering solutions,,4.7,3,103.58095238095238,0.0,14.100000000000001,0.13612541375505702,0,-1.0968383817397116,-0.6334398881574929
"I will do elasticsearch, elasticstack, kibana, logstash",Level 2 Seller,5.0,1,51.79047619047619,2.0,5.0,0.0965428466347922,1,-0.2861903431877508,0.19755269224007554
I will do your etl process using azure synapse analytics,Level 1 Seller,5.0,2,129.47142857142856,1.0,10.0,0.077237117952113,0,-0.6685553538123504,0.6129878095908886
I will write your pyspark code in azure databricks or synapse,Level 1 Seller,5.0,1,129.47142857142856,1.0,5.0,0.0386185589760565,0,-0.6750101396889534,0.6128278396492861
I will do data engineering work,,5.0,1,15.538095238095238,0.0,5.0,0.3217897640208397,0,-0.9880843119801879,-0.06495020184093586
I will be your azure data engineer,Level 1 Seller,5.0,1,129.47142857142856,1.0,5.0,0.0386185589760565,0,-0.6750101396889534,0.6128278396492861
"I will do web scraping online news, article website or other sites",,5.0,5,5.180952380952381,0.0,25.0,4.825367647058823,0,-0.9303454415316199,-0.12648555752827062
I will create a sql statement for your,,5.0,2,20.71904761904762,0.0,10.0,0.4826476672029419,0,-0.9828328964556343,-0.03532967901200902
"I will develop data warehouse,ssis,etl, ssrs,data visualization",,5.0,1,25.895238095238096,0.0,5.0,0.1930856932695844,0,-0.9928870090955549,-0.00578968213425925
I will write data automation scripts and bot creation,Level 1 Seller,5.0,1,20.71904761904762,1.0,5.0,0.24132383360147094,0,-0.6319614849787197,-0.0075506658445949875
I will do data engineering in azure using python,Top Rated Seller,4.9,4,103.58095238095238,3.0,19.6,0.18922397940419272,1,0.042985146131346595,0.16417112827783145
"I will code, fix problem and automate your task",Level 2 Seller,4.8,23,41.43333333333333,2.0,110.39999999999999,2.664521319388576,1,-0.1891037240642047,-0.5733814775132651
I will save time and money using the google cloud platform,Level 1 Seller,5.0,2,20.71904761904762,1.0,10.0,0.4826476672029419,0,-0.6242042714815604,-0.007535492331000567
"I will data analysis, etl, big data, sql, power bi, pyspark, report",,5.0,1,5.180952380952381,0.0,5.0,0.9650735294117646,0,-0.9799753229663261,-0.12447829610553655
I will api integration with google sheet using app script,,4.9,11,51.79047619047619,0.0,53.900000000000006,1.04073188672306,0,-0.9645370764114691,-0.2138902906946458
"I will do web scraping, data mining, and data collection for any websites",,5.0,5,10.361904761904762,0.0,25.0,2.4126838235294117,0,-0.9478362713774976,-0.09521425837081936
I will scrape products from ecommerce stores,Level 2 Seller,5.0,6,5.180952380952381,2.0,30.0,5.790441176470588,1,-0.20068072122479555,-0.07139899952193726
"I will do any data related activity,modification,automation, rental service management",Level 1 Seller,5.0,6,25.895238095238096,1.0,30.0,1.1585141596175064,0,-0.5970220219023237,0.022252659452254034
"I will design microsoft word document formatting, design, edit",,5.0,3,15.538095238095238,0.0,15.0,0.9653692920625192,0,-0.9715358610761744,-0.06503481165759437
"I will develop python data extractor for web, XML, pdfs, images and apis",,5.0,1,103.58095238095238,0.0,5.0,0.0482714233173961,0,-1.0236382965042838,0.43736887717607015
"I will do python script, data extraction,json,txt,csv conversion,API,logs",,5.0,4,10.361904761904762,0.0,20.0,1.9301470588235292,0,-0.9571433329705503,-0.09505712866794436
I will do data engineering and etl jobs,,5.0,1,20.71904761904762,0.0,5.0,0.24132383360147094,0,-0.9905901099527936,-0.03534485252560344
"I will do computer vision, tensorflow, pytorch and android apps with yolo",,5.0,1,41.43333333333333,0.0,5.0,0.12067578439259856,0,-0.9993167893996021,0.08287849642116098
I will create professional oracle database for you,,5.0,1,5.180952380952381,0.0,5.0,0.9650735294117646,0,-0.9799753229663261,-0.12447829610553655
"I will serve big data projects on pyspark, python, spark, and scala",,5.0,3,5.180952380952381,0.0,15.0,2.895220588235294,0,-0.9551603822489729,-0.1254819268169036
"I will help with hadoop, spark, hive and big data projects",,5.0,4,10.361904761904762,0.0,20.0,1.9301470588235292,0,-0.9571433329705503,-0.09505712866794436
I will do data engineering and etl jobs,Level 1 Seller,5.0,25,103.58095238095238,1.0,125.0,1.2067855829349026,0,-0.5086062859735022,0.4688368568424873
"I will do anything related to tsql,data warehouse,ssis,etl and bi",Level 2 Seller,4.7,35,20.71904761904762,2.0,164.5,7.939554125488394,1,-0.10498185774922866,-1.0501838041606233
I will excel help vba dynamic chart pivot table,Level 1 Seller,5.0,1,25.895238095238096,1.0,5.0,0.1930856932695844,0,-0.634258384121481,0.0220045045467492
"I will create bash shell,perl,python script",Level 2 Seller,4.8,26,20.71904761904762,2.0,124.8,6.023442886692714,1,-0.1413229531283855,-0.6933668287272545
I will create mappings in informatica etl tool,,5.0,2,15.538095238095238,0.0,10.0,0.6435795280416794,0,-0.9798100865281811,-0.06499250674926511
I will do data engineering on google cloud,Level 1 Seller,5.0,2,170.9047619047619,1.0,10.0,0.05851212036779047,0,-0.6845804705495414,0.8493026784693724
"I will do object detection, classification, segmentation, pose estimation",Level 1 Seller,5.0,5,51.79047619047619,1.0,25.0,0.482714233173961,0,-0.617511117619304,0.17023287942113607
"I will create etl pipelines using adf, azure databricks and pyspark for data migration",,5.0,3,51.79047619047619,0.0,15.0,0.2896285399043766,0,-0.9897936678646381,0.14220150580909313
I will help you in quality control and control chart tasks,,5.0,4,5.180952380952381,0.0,20.0,3.8602941176470584,0,-0.9427529118902963,-0.12598374217258715
"I will conduct big data analytics using apache spark, gcp, AWS or hadoop",Level 2 Seller,5.0,1,186.43809523809523,2.0,5.0,0.02681855333060891,1,-0.33832483899610233,0.9655212452897491
I will do data science and machine learning project,,5.0,2,56.97142857142857,0.0,10.0,0.17552657973921768,0,-0.9987222378271747,0.17164332606263577
"I will automate google sheets, form, docs, gmail, invoice quote using apps script",Level 2 Seller,5.0,33,31.07619047619048,2.0,165.0,5.309531106343854,1,-0.046131325998311386,0.08169357332653583
"I will data wrangling, data preprocessing, and data visualization",Level 2 Seller,5.0,1,51.79047619047619,2.0,5.0,0.0965428466347922,1,-0.2861903431877508,0.19755269224007554
I will be your data engineer and etl pipeline developer,,5.0,1,10.361904761904762,0.0,5.0,0.4825367647058823,0,-0.9850645177497084,-0.09458573955931932
"I will do big data, pyspark, machine learning, and data analysis with python",,4.6,12,51.79047619047619,0.0,55.199999999999996,1.0658330268481058,0,-1.0460854093905205,-1.2848954840058013
"I will do your industrial engineering projects, designs",,4.8,20,15.538095238095238,0.0,96.0,6.178363469200122,0,-0.8920909081446996,-0.779716058274534
"I will write script for data scraping, automation",Level 2 Seller,5.0,3,20.71904761904762,2.0,15.0,0.7239715008044129,1,-0.2578184330103272,0.020273867863602312
I will do computation and simulation with matlab,,4.9,17,155.36666666666667,0.0,83.30000000000001,0.5361510405492385,0,-0.9706709883654131,0.3782969666899799
I will be your excel master with custom formulas,Level 1 Seller,5.0,20,5.180952380952381,1.0,100.0,19.301470588235293,0,-0.3856047611773975,-0.10621860118251499
I will data entry excel formula for you,Level 2 Seller,5.0,1,10.361904761904762,2.0,5.0,0.4825367647058823,1,-0.26780726780156067,-0.038997366197302416
"I will solve dbms, data structure, analysis of algorithm, cpp programming tasks",,5.0,1,62.147619047619045,0.0,5.0,0.08045360508773275,0,-1.0075267142895112,0.20104439556202833
I will create data and automation workflows,,5.0,7,51.79047619047619,0.0,35.0,0.6757999264435454,0,-0.9624858173221176,0.14267587967116208
"I will do data analysis, tableau, dbt, power bi, data engineering",,5.0,1,41.43333333333333,0.0,5.0,0.12067578439259856,0,-0.9993167893996021,0.08287849642116098
I will do django restful API integration and API development,,5.0,1,31.07619047619048,0.0,5.0,0.16089488201041985,0,-0.9950826284174272,0.023781183298850726
I will do web automation and build bots in python using selenium,,4.8,11,15.538095238095238,0.0,52.8,3.3980999080600673,0,-0.9646970723630708,-0.7793835440954927
I will do pyspark analysis and airflow etl pipeline,,4.9,11,20.71904761904762,0.0,53.900000000000006,2.601470926223857,0,-0.9425817398026085,-0.39221090922811297
"I will tag, annotate and label all those images to bring ai to life",Level 2 Seller,5.0,142,5.180952380952381,2.0,710.0,137.04044117647058,1,1.486735247555217,-0.1396458878948959
I will do machine learning python projects,,4.7,8,15.538095238095238,0.0,37.6,2.4198590254367147,0,-1.0182663237457212,-1.1362858909540965
"I will help with python, r,  finance, machine and deep learning, quant, trading algos",,5.0,172,409.1285714285714,0.0,860.0,2.1020287021194877,0,-0.06639382507922907,2.2105650222861217
"I will do image annotation, segmentation, bounding box, and all data labeling for ai",Level 2 Seller,5.0,58,5.180952380952381,2.0,290.0,55.97426470588235,1,0.4445077374263857,-0.09749339801748028
I will do data analysis in python using google colab,Level 1 Seller,5.0,58,25.895238095238096,1.0,290.0,11.198970209635895,0,-0.20976385482308788,0.024833470469504328
"I will do data science, dl and ml tasks",Level 2 Seller,5.0,47,31.07619047619048,2.0,235.0,7.562059454489733,1,0.05523482195773707,0.08271033061776566
"I will do machine learning, data science projects in python",Level 1 Seller,5.0,31,25.895238095238096,1.0,155.0,5.985656491357116,0,-0.41084021080653726,0.023493433979778214
"I will do face recognition, object detection, and segmentation",Level 1 Seller,4.9,9,51.79047619047619,1.0,44.1,0.8515079073188673,0,-0.6194133933491228,-0.18633221389815374
"I will precisely annotate images, videos and maps for your ai model",Level 2 Seller,5.0,98,5.180952380952381,2.0,490.0,94.57720588235294,1,0.9408065517734483,-0.11756601224482105
I will model and forecast time series using prophet or arima,,5.0,7,258.9428571428571,0.0,35.0,0.13516495641619775,0,-1.045478058307905,1.324488058316988
I will data science machine learning data mining python,,5.0,8,82.86190476190477,0.0,40.0,0.48273087753577376,0,-0.9694469094888463,0.3202071001522672
I will coach you in gorilla tag,,4.7,14,5.180952380952381,0.0,65.8,12.700367647058822,0,-0.9121135888044025,-1.2016072317125788
I will do deep machine learning ai computer vision in python and r,Level 1 Seller,5.0,10,25.895238095238096,1.0,50.0,1.930856932695844,0,-0.5672329321269979,0.022451183376657906
"I will code your quant, finance, python, machine learning project",,4.6,14,258.9428571428571,0.0,64.39999999999999,0.2487035198058038,0,-1.1189375690508294,-0.10252603007113875
I will do customized deep learning projects,Level 1 Seller,5.0,3,62.147619047619045,1.0,15.0,0.24136081526319822,0,-0.6354509181370186,0.2290987549075178
"I will make computer vision, deep and machine learning python projects",Level 2 Seller,5.0,28,25.895238095238096,2.0,140.0,5.406399411548363,1,-0.07455340316395778,0.05113872771748376
I will do machine learning and deep learning python projects,Level 1 Seller,4.9,188,103.58095238095238,1.0,921.2,8.893527031997058,1,0.5122554197547156,0.13652252188629038
I will work on text and nlp projects,Clients,5.0,1,145.0095238095238,0.0,5.0,0.034480493892026794,0,-1.039629882799913,0.6736530635815069
"I will do statistical analysis and modeling using spss, r, python, stata, SAS and excel",Level 2 Seller,4.9,35,25.895238095238096,2.0,171.5,6.622839279146745,1,-0.054003622869141524,-0.30551905046181216
I will do any computer vision and image processing nlp tasks,,5.0,12,51.79047619047619,0.0,60.0,1.1585141596175064,0,-0.9283510041439668,0.14326884699874826
I will provide natural language processing nlp solutions,,4.9,11,310.7333333333333,0.0,53.900000000000006,0.1734606307659301,0,-1.0695085784947322,1.2635252878326866
"I will do image processing in opencv, computer vision and deep learning in python",Level 1 Seller,4.9,55,82.86190476190477,1.0,269.5,3.252399287397276,0,-0.33326425316523867,-0.002302110991108294
I will do machine and deep learning algorithms for your problem,,5.0,14,124.29523809523808,0.0,70.0,0.5631752356141293,0,-0.9475949235337298,0.5575764660780554
I will do your machine learning and deep learning tasks,Level 1 Seller,5.0,19,103.58095238095238,1.0,95.0,0.9171570430305259,0,-0.5477071323626791,0.46791840859613515
"I will do python, numpy, pandas, scikit learn, matplotlib, and seaborn",Level 2 Seller,4.9,63,51.79047619047619,2.0,308.70000000000005,5.960555351232071,1,0.10384866324159871,-0.15216306033520355
"I will annotate images, nlp, bounding box, ner, all data labeling for ai, ml training",Level 2 Seller,5.0,86,5.180952380952381,2.0,430.0,82.99632352941175,1,0.7919169074693294,-0.11154422797661881
I will do machine learning python projects,Level 1 Seller,5.0,17,82.86190476190477,1.0,85.0,1.0258031147635194,0,-0.5514690460849824,0.3493013630322604
I will solve your machine learning problems,,5.0,2,124.29523809523808,0.0,10.0,0.08045360508773275,0,-1.0251763540335588,0.5556706123850114
I will do your opencv and python projects,Level 2 Seller,5.0,164,82.86190476190477,2.0,820.0,9.895982989483363,1,0.7765304732423307,0.3983301276300199
I will do machine learning and data science projects in python,,4.9,14,82.86190476190477,0.0,68.60000000000001,0.8278834549738521,0,-0.9593982064199964,-0.03597558282413165
I will do  to image processing and computer using opencv python,,4.9,15,82.86190476190477,0.0,73.5,0.8870179874719843,0,-0.9528736862180284,-0.03583218562530202
"I will do machine learning, deep learning, image processing in python",Level 2 Seller,5.0,46,51.79047619047619,2.0,230.0,4.4409709452004416,1,0.021022975415605587,0.2028893981883511
"I will do artificial intelligence, machine deep learning data science computer vision",,5.0,29,82.86190476190477,0.0,145.0,1.7498994310671798,0,-0.8309653531526693,0.3232406112832316
I will give you end to end machine learning solutions,Level 1 Seller,5.0,6,103.58095238095238,1.0,30.0,0.2896285399043766,0,-0.6324256328725624,0.46592843739570533
"I will do data science and machine learning in rstudio, r programming",Level 1 Seller,5.0,42,51.79047619047619,1.0,210.0,4.054799558661273,0,-0.3649135001009889,0.1746208376452737
"I will do deep learning, machine learning,  data mining, CV projects",Level 2 Seller,5.0,27,51.79047619047619,2.0,135.0,2.6066568591393895,1,-0.10868931466136711,0.20063612234352365
"I will do statistical data analysis visualizations using r, rstudio",Level 2 Seller,5.0,40,10.361904761904762,2.0,200.0,19.301470588235293,1,0.09516813432749426,-0.045125424609427776
I will create  deep learning and neural network model in tensorflow,Level 2 Seller,4.9,44,20.71904761904762,2.0,215.60000000000002,10.405883704895428,1,0.02759136455090088,-0.33607132401675976
I will assist you in probability and statistics,Level 2 Seller,5.0,27,5.180952380952381,2.0,135.0,26.056985294117645,1,0.0598761563074123,-0.08193712199129118
I will do data science projects in python,Level 1 Seller,5.0,9,25.895238095238096,1.0,45.0,1.7377712394262597,0,-0.5746802045708294,0.022401552395556936
"I will do projects or tasks in python,math,statistics,jupyter,numpy,pandas,matplotlib",,5.0,41,62.147619047619045,0.0,205.0,3.2985978085970427,0,-0.7385832907211375,0.20624784885164843
I will do natural language processing nlp and text analysis,Level 2 Seller,5.0,52,103.58095238095238,2.0,260.0,2.510114012504597,1,0.025976147751867584,0.5007640606320808
"I will do artificial intelligence, machine learning, deep learning",Level 1 Seller,5.0,38,20.71904761904762,1.0,190.0,9.170305676855895,0,-0.34494458558382374,-0.006989245841601256
"I will do social network analysis tasks in python, networkx gephi",Level 2 Seller,4.9,33,36.25238095238095,2.0,161.70000000000002,4.460396689872587,1,-0.08416268848937898,-0.24527706704830396
I will help you with any machine learning project,Level 1 Seller,5.0,15,82.86190476190477,1.0,75.0,0.9051203953795758,0,-0.5646577657360468,0.3490124572102638
"I will help in machine learning and data analysis in rstudio, r",Level 2 Seller,4.9,150,20.71904761904762,2.0,735.0,35.47460353941623,1,0.8399877453681232,-0.33430076474313397
I will do data analysis and science with jupyter notebooks in python,Level 2 Seller,5.0,273,36.25238095238095,2.0,1365.0,37.65269933009326,1,1.6492906268544654,0.13312434290913516
"I will do bounding box,data,image annotation, tagging, labeling for object detection",Level 2 Seller,5.0,59,5.180952380952381,2.0,295.0,56.939338235294116,1,0.4569152077850623,-0.09799521337316379
"I will do machine, deep learning, nlp, and data science related projects in python",,5.0,14,51.79047619047619,0.0,70.0,1.3515998528870907,0,-0.9146970788727067,0.14350603392978267
I will do you data science and machine learning projects in python,,5.0,11,20.71904761904762,0.0,55.0,2.65456216961618,0,-0.9130179749812001,-0.03519311738965919
"I will help in machine learning and data analysis in r, rstudio",Level 2 Seller,4.9,13,51.79047619047619,2.0,63.7,1.2299558661272527,1,-0.23377488455159362,-0.15806580744811255
"I will do data science data analysis, projects and tasks in python jupyter notebook",,5.0,12,10.361904761904762,0.0,60.0,5.790441176470588,0,-0.8826868402261288,-0.09631416629094444
"I will do computer vision, image processing, opencv and deep learning in python",Level 2 Seller,5.0,62,1242.9190476190477,2.0,310.0,0.2494128644933394,1,-0.3638348034516816,7.002097441695891
I will do machine learning python projects,,5.0,22,20.71904761904762,0.0,110.0,5.30912433923236,0,-0.8276886265124471,-0.03502620874012052
"I will do machine learning,data science, data analysis,visualization project in  python",Level 1 Seller,5.0,44,82.86190476190477,1.0,220.0,2.6550198264467557,0,-0.37342133079561196,0.35320159162921466
I will do data science and machine learning project in python,,5.0,11,31.07619047619048,0.0,55.0,1.7698437021146183,0,-0.9226782370202495,0.02450743850687204
"I will do statistical data analysis using r, stata, python and spss",Level 1 Seller,4.9,26,51.79047619047619,1.0,127.4,2.4599117322545054,0,-0.5046213870994375,-0.18432527987976466
"I will do your neural networks,deep learning python projects etc",Level 2 Seller,5.0,33,10.361904761904762,2.0,165.0,15.923713235294118,1,0.030018703176125438,-0.04402551668930272
"I will annotation, tagging, or label of all types of your ai data",Level 1 Seller,5.0,28,5.180952380952381,1.0,140.0,27.02205882352941,0,-0.28634499830798504,-0.11023312402798315
I will perform data science with r studio,Level 2 Seller,4.9,43,51.79047619047619,2.0,210.70000000000002,4.068315557190144,1,-0.031200755875678242,-0.15452415918036713
I will do data science and machine learning assignments and projects,Level 2 Seller,5.0,37,15.538095238095238,2.0,185.0,11.90622126877107,1,0.0270450542402003,-0.010884805178771545
I will do machine learning and deep learning in computer vision,Level 2 Seller,4.9,59,51.79047619047619,2.0,289.1,5.582107392423685,1,0.07683877941814328,-0.15263528010423624
I will do python and machine learning tasks for you,Level 2 Seller,4.9,56,82.86190476190477,2.0,274.40000000000003,3.3115338198954083,1,0.03188889201080323,0.025635472888729784
I will do opencv projects using python or cpp,,5.0,49,82.86190476190477,0.0,245.0,2.956726624906614,0,-0.6990781566420246,0.32612966950319777
"I will do image classification, face recognition",Level 1 Seller,5.0,13,41.43333333333333,1.0,65.0,1.5687851971037814,0,-0.5569038972487131,0.11188894101256143
"I will make computer vision, machine learning python projects",,5.0,20,10.361904761904762,0.0,100.0,9.650735294117647,0,-0.8082303474817073,-0.0975712039139445
"I will do computer vision 2d 3d, deep learning, CNN with pytorch",Level 1 Seller,4.9,13,51.79047619047619,1.0,63.7,1.2299558661272527,0,-0.5924035095256674,-0.185859994129121
"I will do python, machine learning, deep learning projects",Level 1 Seller,5.0,7,82.86190476190477,1.0,35.0,0.4223895178438021,0,-0.6174126443403047,0.34785683392227734
"I will do machine learning, deep learning python projects",Level 2 Seller,5.0,79,103.58095238095238,2.0,395.0,3.813442442074292,1,0.20192995650316367,0.5048970777406656
"I will solve your data science, machine learning problems",,5.0,5,5.180952380952381,0.0,25.0,4.825367647058823,0,-0.9303454415316199,-0.12648555752827062
"I will solve any computer vision project using opencv, machine learning, deep learning",,4.9,30,82.86190476190477,0.0,147.0,1.7740359749439687,0,-0.8550058831885099,-0.03368122764285753
I will do machine and deep learning projects in python,Level 1 Seller,5.0,37,25.895238095238096,1.0,185.0,7.144170650974623,0,-0.3661565761435485,0.02379121986638402
I will do data analysis in rstudio and rapidminer,Level 1 Seller,5.0,18,25.895238095238096,1.0,90.0,3.4755424788525193,0,-0.5076547525763462,0.022848231225465643
I will do python machine learning  and data science,Level 1 Seller,5.0,8,51.79047619047619,1.0,40.0,0.7723427730783377,0,-0.5970302297124136,0.17058865981768775
I will develop jupyter notebook using python pandas,Level 1 Seller,5.0,15,15.538095238095238,1.0,75.0,4.826846460312596,0,-0.5136165306780205,-0.03774828387653676
"I will keenly annotate, and segment images, videos and texts to train your ai model",Level 2 Seller,4.9,35,5.180952380952381,2.0,171.5,33.10202205882353,1,0.12408265382442923,-0.44257082744801285
I will do artificial intelligence machine learning projects and tasks on python,Level 2 Seller,4.9,54,82.86190476190477,2.0,264.6,3.1932647548991437,1,0.018839851606867394,0.025348678491070524
I will provide deep reinforcement learning solutions using python,,4.9,26,207.15714285714284,0.0,127.4,0.6149920695124474,0,-0.9347438591428592,0.6752814696163123
I will do machine learning and deep learning tasks with python,Level 2 Seller,4.8,20,20.71904761904762,2.0,96.0,4.633417605148242,1,-0.18674907374737906,-0.6934762283181739
I will do machine learning projects in python,Level 1 Seller,4.8,6,31.07619047619048,1.0,28.799999999999997,0.9267545203800182,0,-0.6583243445718268,-0.6621261733325647
"I will do  image annotation, image segmentation and data labelling for ai",Level 2 Seller,5.0,34,5.180952380952381,2.0,170.0,32.8125,1,0.14672844881814823,-0.08544982948107581
I will do data science statistical and regression analysis,Level 2 Seller,4.9,39,20.71904761904762,2.0,191.10000000000002,9.22339692024822,1,-0.010729219449911483,-0.33615484096362885
I will python machine learning project deep data analysis visualization nlp eda,Level 1 Seller,5.0,28,103.58095238095238,1.0,140.0,1.3515998528870907,0,-0.48905586277891383,0.46929608096566344
I will accurately annotate images and videos for your ai model,Level 2 Seller,4.9,154,5.180952380952381,2.0,754.6,145.64889705882354,1,1.5784255082339007,-0.5008743660477212
I will do any machine learning task in python,Level 1 Seller,5.0,178,290.01428571428573,1.0,890.0,3.068814344120979,1,0.3814103342297311,1.55946449951219
"I will do machine learning, deep learning, data analysis, data visualization in python",Level 1 Seller,5.0,19,82.86190476190477,1.0,95.0,1.1464858341474626,0,-0.5382803264339179,0.349590268854257
"I will do deep learning, CNN and image classification",,5.0,14,51.79047619047619,0.0,70.0,1.3515998528870907,0,-0.9146970788727067,0.14350603392978267
"I will do machine learning, data science, data analysis, data mining project in python",Level 2 Seller,5.0,134,82.86190476190477,2.0,670.0,8.08574219872421,1,0.5786996784763635,0.39399654030007075
"I will do machine learning, deep learning, computer vision python",Level 2 Seller,5.0,21,51.79047619047619,2.0,105.0,2.0273997793306364,1,-0.14965109047514794,0.19992456155042024
I will do machine learning computer vision python projects jupyter notebook,,5.0,16,82.86190476190477,0.0,80.0,0.9654617550715475,0,-0.9166920308845885,0.32136272344025363
I will do data analysis and machine learning data science with jupiter notebook python,Level 1 Seller,4.9,74,82.86190476190477,1.0,362.6,4.37595540486179,0,-0.20929836932784848,0.00042243578665470327
I will do data analytics and modelling with rstudio,Level 1 Seller,4.8,32,51.79047619047619,1.0,153.6,2.9657962486208165,0,-0.4950299962712189,-0.5406688034425357
I will create machine learning based web or mobile application,Level 1 Seller,5.0,20,25.895238095238096,1.0,100.0,3.861713865391688,0,-0.49276020768868334,0.022947493187667575
I will do deep learning with neural networks on pytorch,,5.0,72,41.43333333333333,0.0,360.0,8.688656476267097,0,-0.5035932086034458,0.09007468905764701
I will do machine learning python projects,Level 2 Seller,5.0,28,20.71904761904762,2.0,140.0,6.7570673408411865,1,-0.06388809558134337,0.02065320570346294
I will give you face rating,,4.9,6,10.361904761904762,0.0,29.400000000000002,2.8373161764705883,0,-0.9678134728923762,-0.45237615290506883
"I will do data science, and machine learning in python using jupyter notebook",Level 1 Seller,5.0,21,82.86190476190477,1.0,105.0,1.2671685535314061,0,-0.5250916067828534,0.3498791746762536
I will do machine learning in python,Level 1 Seller,5.0,16,10.361904761904762,1.0,80.0,7.720588235294117,0,-0.48682996887984425,-0.06914849842143601
"I will do machine learning, deep learning, nlp work in python and r",Level 1 Seller,5.0,11,31.07619047619048,1.0,55.0,1.7698437021146183,0,-0.5640496120461758,0.052301625187880486
I will do image processing computer vision task using python opencv,,4.9,28,51.79047619047619,0.0,137.20000000000002,2.6491357116586984,0,-0.8497450701617837,-0.21188335667625674
I will be your computer science research supervisor,Level 2 Seller,5.0,32,77.68571428571428,2.0,160.0,2.0595807282089003,1,-0.09111141366950604,0.349649728032785
"I will do machine learning, data science, visualization, analysis projects in python",,5.0,20,31.07619047619048,0.0,100.0,3.2178976402083967,0,-0.8575142847627899,0.02516106819409122
I will deliver gpt3 app like writesonic rytr conversionai copyai etc,,5.0,17,310.7333333333333,0.0,85.0,0.2735464492598155,0,-1.0024029458456485,1.621634846206727
I will consult in projects related to rapidminer and rstudio,Level 1 Seller,5.0,10,62.147619047619045,1.0,50.0,0.8045360508773275,0,-0.5883858190125532,0.23000935923320132
"I will do preprocessing, machine learning and  deep learning  in python",,4.9,21,31.07619047619048,0.0,102.9,3.3112166717744405,0,-0.8805515321843238,-0.33179292920879355
I will do machine deep learning artificial intelligence data science mining in python,Level 1 Seller,5.0,12,82.86190476190477,1.0,60.0,0.7240963163036607,0,-0.5844408452126435,0.3485790984772688
"I will do computer vision, deep learning CNN task in tensorflow",,4.8,10,5.180952380952381,0.0,48.0,9.26470588235294,0,-0.9291095287316672,-0.8428264821874466
"I will do data science, machine learning, data analysis, nlp projects in python and r",Level 1 Seller,5.0,11,20.71904761904762,1.0,55.0,2.65456216961618,0,-0.5543893500071262,-0.007398930708650739
I will do natural language processing nlp topic modeling sentiment text alanalysis task,Level 2 Seller,5.0,45,82.86190476190477,2.0,225.0,2.7153611861387277,1,-0.008198345996005777,0.3811402312212214
"I will do data analysis using python, pandas, matplotlib and sklearn",Level 2 Seller,5.0,49,31.07619047619048,2.0,245.0,7.883849218510572,1,0.06971570023717258,0.08285558165936993
"I will do your machine learning, deep learning,  ros and computer vision tasks",,4.9,50,20.71904761904762,0.0,245.00000000000003,11.824867846472078,0,-0.643681184596272,-0.3915594770425337
I will assist you in artificial intelligence projects,Level 2 Seller,5.0,14,31.07619047619048,2.0,70.0,2.2525283481458778,1,-0.18369966965294865,0.08031368843129534
I will do pro data analysis visualization with python on jupyter notebooks,Level 2 Seller,4.9,22,10.361904761904762,2.0,107.80000000000001,10.403492647058824,1,-0.10362873599802129,-0.39922223974731147
I will do deep learning and machine learning using tensorflow and sklearn,Level 1 Seller,4.9,21,41.43333333333333,1.0,102.9,2.4835076427996787,0,-0.5312168706045951,-0.2443389096123244
I will do natural language processing nlp projects,Level 1 Seller,4.9,13,103.58095238095238,1.0,63.7,0.6149779330636264,0,-0.6162354314681944,0.10994937395241391
I will data science machine learning data mining python,Level 2 Seller,5.0,70,82.86190476190477,2.0,350.0,4.2238951784380205,1,0.15666064964230014,0.3847515539961791
I will do natural language processing nlp and text analysis using python,,4.8,19,20.71904761904762,0.0,91.2,4.40174672489083,0,-0.9115773437986924,-0.749082834945344
"I will build python, machine learning and data science models",,5.0,76,31.07619047619048,0.0,380.0,12.228011032791908,0,-0.4520496929385959,0.02922809735901057
I will do data analysis  with python and jupyter notebook,,4.9,63,51.79047619047619,0.0,308.70000000000005,5.960555351232071,0,-0.6134085867065491,-0.20775143369722043
"I will do data science machine learning nlp work in python, r",,4.9,28,51.79047619047619,0.0,137.20000000000002,2.6491357116586984,0,-0.8497450701617837,-0.21188335667625674
I will do time series analysis and forecasting in r,,4.9,16,82.86190476190477,0.0,78.4,0.9461525199701166,0,-0.9463491660160606,-0.035688788426472384
"I will machine learning and data science project using python,r",,5.0,12,31.07619047619048,0.0,60.0,1.9307385841250382,0,-0.9154377978805318,0.024580064027674174
I will do machine learning python project,Level 1 Seller,5.0,21,10.361904761904762,1.0,105.0,10.133272058823529,0,-0.44029466091458075,-0.06993414693581106
I will do data science statistical and regression analysis in python,Level 2 Seller,4.9,116,51.79047619047619,2.0,568.4000000000001,10.974990805443179,1,0.46172962390238254,-0.14590614839551996
I will do ai and machine learning algorithms for you,Level 1 Seller,5.0,37,103.58095238095238,1.0,185.0,1.7860426627436556,0,-0.43040459319514845,0.4706737533351918
"I will teach python, r and  machine learning and deep learning",Level 2 Seller,5.0,19,51.79047619047619,2.0,95.0,1.8343140860610518,1,-0.16330501574640824,0.1996873746193858
I will do r pragromming data analysis data visualisation and machine learning projects,Level 1 Seller,5.0,13,51.79047619047619,1.0,65.0,1.2550570062522985,0,-0.5628954165342629,0.17118162714527393
"I will do datamining,machine learning projects using weka",,4.8,12,82.86190476190477,0.0,57.599999999999994,0.6951324636515142,0,-1.0018250234611472,-0.39330966623984537
I will assist in bioinformatics analysis of genomic and meta genomic data,Level 1 Seller,5.0,17,5.180952380952381,1.0,85.0,16.40625,0,-0.4228271722534272,-0.10471315511546442
I will do data analysis and machine learning using jupyter notebook,Level 2 Seller,5.0,82,82.86190476190477,2.0,410.0,4.947991494741681,1,0.235792967548687,0.3864849889281588
I will do data science and machine learning work in python,,5.0,11,5.180952380952381,0.0,55.0,10.615808823529411,0,-0.8559006193795604,-0.12949644966237175
"I will do machine learning, deep learning, and computer vision in python",,4.9,11,31.07619047619048,0.0,53.900000000000006,1.734446828072326,0,-0.9521283114830208,-0.3325229927731674
I will do machine learning and deep learning projects in python,,5.0,18,103.58095238095238,0.0,90.0,0.8688856197131298,0,-0.9128525650682825,0.4399711472074014
"I will do data science, machine learning, deep learning projects",Level 1 Seller,5.0,11,20.71904761904762,1.0,55.0,2.65456216961618,0,-0.5543893500071262,-0.007398930708650739
I will do linear and logistic regression in 24 hours on python,,4.9,18,51.79047619047619,0.0,88.2,1.7030158146377345,0,-0.9172697797204221,-0.21306390609883855
"I will do data science and machine learning in rstudio, r programming",,5.0,7,31.07619047619048,0.0,35.0,1.1262641740729389,0,-0.9516399935791205,0.024216936423663512
"I will do data science, machine and deep learning articles and blogs",,5.0,9,10.361904761904762,0.0,45.0,4.342830882352941,0,-0.9106080250052869,-0.09584277718231939
I will do natural language processing projects using python,,5.0,21,103.58095238095238,0.0,105.0,1.0136998896653182,0,-0.8933021418736941,0.44043037133057744
I will do python and machine learning tasks,,4.6,11,82.86190476190477,0.0,50.599999999999994,0.6106545600827538,0,-1.0668955780668519,-1.1075444743382745
"I will do data science, machine learning with complete eda, visualization, prediction",Level 2 Seller,4.8,15,82.86190476190477,2.0,72.0,0.8689155795643928,1,-0.2652037317777888,-0.3372942684178456
I will do data science and analysis using python build perfect jupyter notebook,Level 2 Seller,4.9,133,51.79047619047619,2.0,651.7,12.583394630378816,1,0.5765216301520679,-0.1438992143771309
I will do python machine learning deep learning computer vision imageprocess detection,Level 2 Seller,4.8,30,82.86190476190477,2.0,144.0,1.7378311591287856,1,-0.16838352310173535,-0.33515914611793124
I will do data science for you,Level 1 Seller,4.8,31,15.538095238095238,1.0,148.79999999999998,9.57646337726019,0,-0.4447214157926166,-0.7523282778123538
I will gui python java cpp sql database bot script programming assignment task project,Level 2 Seller,5.0,99,36.25238095238095,2.0,495.0,13.654275581242612,1,0.4151376889636086,0.11763216122755871
I will help in your artificial intelligence projects,Level 1 Seller,5.0,16,10.361904761904762,1.0,80.0,7.720588235294117,0,-0.48682996887984425,-0.06914849842143601
I will do programming or ai work in any language,,4.9,44,10.361904761904762,0.0,215.60000000000002,20.80698529411765,0,-0.6188606913951341,-0.4581579958901851
"I will do computer vision, image processing using opencv",Level 1 Seller,4.9,137,82.86190476190477,1.0,671.3000000000001,8.101430952244124,0,0.20174640339612931,0.009456459312921491
"I will tutor help pde,ode,calculus, data science,all university mathematics,maths",Level 1 Seller,5.0,18,51.79047619047619,1.0,90.0,1.7377712394262597,0,-0.5287606033561122,0.1717745944728601
I will do data science using python or r,Level 1 Seller,5.0,25,10.361904761904762,1.0,125.0,12.063419117647058,0,-0.40306641454236997,-0.07056266574731108
I will do data analysis and data science with  python in jupyter notebook,Level 1 Seller,4.9,11,51.79047619047619,1.0,53.900000000000006,1.04073188672306,0,-0.6059084514373951,-0.18609610401363735
I will research and write management information systems tasks,Level 2 Seller,4.4,9,10.361904761904762,2.0,39.6,3.8216911764705883,1,-0.37129003956519224,-2.1821934258865974
I will build natural language processing nlp  systems,Level 2 Seller,5.0,38,82.86190476190477,2.0,190.0,2.2929716682949253,1,-0.05435886477473147,0.38012906084423326
I will do deep learning computer vision tasks and projects,Level 1 Seller,5.0,12,103.58095238095238,1.0,60.0,0.5792570798087532,0,-0.5933247864833855,0.46684688564205756
"I will do pandas data analysis, machine learning, data science with python programming",Level 1 Seller,4.8,51,82.86190476190477,1.0,244.79999999999998,2.9543129705189353,0,-0.39146385592933436,-0.35996416157905964
"I will do image annotation and data labeling, tagging, bounding box, polygon annotation",Level 2 Seller,5.0,31,5.180952380952381,2.0,155.0,29.917279411764703,1,0.10950603774211852,-0.08394438341402526
I will hago modelos de machine learning en r,Level 1 Seller,4.9,6,20.71904761904762,1.0,29.400000000000002,1.418984141576649,0,-0.622273698829347,-0.3645002394939737
"I will do data analysis,tkinter, pandas,web scraping, ml,matplotlib in python",Level 1 Seller,5.0,27,82.86190476190477,1.0,135.0,1.6292167116832366,0,-0.48552544782965995,0.3507458921422435
I will machine learning data science deep learning python,Level 2 Seller,5.0,15,82.86190476190477,2.0,75.0,0.9051203953795758,1,-0.20602914076197296,0.3768066438912723
I will annotate and label images for ai and machine learning,Level 1 Seller,5.0,22,5.180952380952381,1.0,110.0,21.231617647058822,0,-0.3607898204600444,-0.10722223189388203
I will make any script using r in rstudio,Level 1 Seller,5.0,5,62.147619047619045,1.0,25.0,0.40226802543866375,0,-0.6220037469586,0.2293589275719988
"I will solve your data science, machine learning, nlp problems",Level 1 Seller,5.0,21,103.58095238095238,1.0,105.0,1.0136998896653182,0,-0.5346735168996202,0.46822455801158586
I will do computer vision related projects using opencv in python,Level 1 Seller,5.0,10,41.43333333333333,1.0,50.0,1.2067578439259856,0,-0.5778499640429169,0.11158487653496342
"I will do data mining, machine learning projects in weka",Level 2 Seller,5.0,34,10.361904761904762,2.0,170.0,16.40625,1,0.03932576476917814,-0.04418264639217773
I will do machine learning and data science in python,,5.0,9,103.58095238095238,0.0,45.0,0.4344428098565649,0,-0.9715038346520478,0.4385934748378731
I will machine learning and deep learning python projects,,5.0,8,10.361904761904762,0.0,40.0,3.8602941176470584,0,-0.9199150865983395,-0.09568564747944439
I will code python programming tasks and projects,Level 1 Seller,5.0,10,10.361904761904762,1.0,50.0,4.825367647058823,0,-0.5426723384381603,-0.06820572020418596
"I will do python, data science, machine learning, web designing",,4.8,14,5.180952380952381,0.0,67.2,12.970588235294118,0,-0.8809684619707787,-0.8447387863848611
I will do machine learning python projects,Level 2 Seller,5.0,24,51.79047619047619,2.0,120.0,2.3170283192350127,1,-0.1291702025682575,0.20028034194697195
"I will do statistical data analysis machine learning in r, rstudio",,5.0,12,5.180952380952381,0.0,60.0,11.580882352941176,0,-0.8434931490208838,-0.12999826501805528
I will help in data analysis and machine learning in using r studio,Level 1 Seller,5.0,22,5.180952380952381,1.0,110.0,21.231617647058822,0,-0.3607898204600444,-0.10722223189388203
I will object detection on raspberrypi,,4.6,9,20.71904761904762,0.0,41.4,1.9981613422201794,0,-1.0460426876851778,-1.4633068707769046
"I will do weka machine learning, artificial intelligence tasks",Level 2 Seller,5.0,11,20.71904761904762,2.0,55.0,2.65456216961618,1,-0.1957607250330524,0.020395255972357713
I will do data science and machine learning projects using python,,5.0,23,51.79047619047619,0.0,115.0,2.2204854726002208,0,-0.8532544151520354,0.1445733751194378
I will be your dedicated data science expert,Level 2 Seller,4.9,14,82.86190476190477,2.0,68.60000000000001,0.8278834549738521,1,-0.24214095647184866,0.019612790537885262
I will work on data science and machine learning projects,Clients,5.0,7,145.0095238095238,0.0,35.0,0.24136345724418756,0,-1.001060695611907,0.674630618646566
"I will do data annotation, image, video tagging and labeling for ai",Level 1 Seller,4.6,13,10.361904761904762,1.0,59.8,5.771139705882352,0,-0.6353628285403404,-1.4965568423152689
"I will do  data and image annotation, tagging, labeling for object detection, ml and dl",Level 2 Seller,4.9,49,5.180952380952381,2.0,240.10000000000002,46.34283088235294,1,0.29518181316672,-0.44943006728327267
I will build an end to end machine learning system in python,,5.0,10,51.79047619047619,0.0,50.0,0.965428466347922,0,-0.9420049294152272,0.14303166006771378
I will create jupyter notebooks for data science tasks,Level 1 Seller,4.8,17,25.895238095238096,1.0,81.6,3.1511585141596172,0,-0.5751359551106943,-0.6912420560010977
"I will deep learning, computer vision, object detection ,tensorflow ,keras, python",Level 1 Seller,5.0,17,82.86190476190477,1.0,85.0,1.0258031147635194,0,-0.5514690460849824,0.3493013630322604
I will do regression and classification analysis in python,,5.0,52,51.79047619047619,0.0,260.0,5.020228025009194,0,-0.6552724987187613,0.1480125856194376
I will do machine learning and data science projects using  python,Level 2 Seller,4.9,70,20.71904761904762,2.0,343.0,16.554814985060908,1,0.2268584013551252,-0.3356370358930402
I will work on your computer vision projects,Level 2 Seller,5.0,56,82.86190476190477,2.0,280.0,3.3791161427504166,1,0.06433961208484883,0.3827292132422028
"I will do any computer vision, deep learning projects",Level 2 Seller,5.0,37,82.86190476190477,2.0,185.0,2.2326303086029538,1,-0.06095322460026371,0.379984607933235
"I will do machine learning, deep learning and opencv projects",,4.9,41,31.07619047619048,0.0,200.9,6.464756359178669,0,-0.7373979735869297,-0.33033280208004595
"I will do python data science, analysis, machine learning projects",Level 1 Seller,4.9,20,10.361904761904762,1.0,98.0,9.457720588235293,0,-0.48062329684037103,-0.42671211890278743
"I will jupyter notebook with python, pandas ,numpy,data analysis",,4.8,18,5.180952380952381,0.0,86.39999999999999,16.67647058823529,0,-0.8328273952098902,-0.8466510905822755
"I will do data science , data analysis work by using r programming",Level 1 Seller,5.0,15,5.180952380952381,1.0,75.0,14.47610294117647,0,-0.4476421129707804,-0.10370952440409739
"I will ensure your data science, data analysis project in python",Level 1 Seller,5.0,7,51.79047619047619,1.0,35.0,0.6757999264435454,0,-0.6038571923480437,0.1704700663521705
"I will do all your data science projects,msc engineer",Level 2 Seller,5.0,61,25.895238095238096,2.0,305.0,11.778227289444649,1,0.17120658748248044,0.052776550093815676
I will do qualitative data analysis and machine learning task,,4.9,16,51.79047619047619,0.0,78.4,1.5137918352335418,0,-0.9307747216321498,-0.2133000159833549
"I will data science, analytics, machine learning custom consultancy",,5.0,1,129.47142857142856,0.0,5.0,0.0386185589760565,0,-1.0336387646630274,0.5850336529682776
"I will do data science tasks, projects in python as a data scientist",Level 1 Seller,4.7,24,82.86190476190477,1.0,112.80000000000001,1.3613010746508822,0,-0.5959560836662173,-0.7208673392829807
I will create neural network deep learning models with keras in python ann CNN rnn lstm,Level 1 Seller,5.0,7,82.86190476190477,1.0,35.0,0.4223895178438021,0,-0.6174126443403047,0.34785683392227734
I will do deep learning and machine learning projects,Level 1 Seller,5.0,31,31.07619047619048,1.0,155.0,4.987741342323015,0,-0.4192408292518208,0.053754135603923114
I will do data science and machine learning projects in python,Level 2 Seller,5.0,24,82.86190476190477,2.0,120.0,1.4481926326073213,1,-0.14667990233218284,0.37810672009025703
I will do any machine learning task in python,Top Rated Seller,5.0,40,155.36666666666667,3.0,200.0,1.2872774082814846,1,0.282389214185779,0.8225239916205512
"I will provide python, data science, machine learning service",Level 1 Seller,5.0,33,82.86190476190477,1.0,165.0,1.9912648698350668,0,-0.4459592888764666,0.3516126096082333
I will create jupyter notebook with data analysis and machine learning,,4.9,51,82.86190476190477,0.0,249.9,3.0158611574047467,0,-0.717990958947184,-0.03066988646743527
"I will do knn,  kmean, svm, other machine learning algorithms in python",Level 1 Seller,5.0,39,5.180952380952381,1.0,195.0,37.63786764705882,0,-0.1498628243625429,-0.11575309294050186
"I will do python project, task and assignments",Level 1 Seller,4.9,16,5.180952380952381,1.0,78.4,15.132352941176471,0,-0.4667519731141821,-0.4610560457811687
I will do image and audio processing tasks using python,,4.9,15,82.86190476190477,0.0,73.5,0.8870179874719843,0,-0.9528736862180284,-0.03583218562530202
I will do machine learning and artificial intelligence in python,,5.0,15,82.86190476190477,0.0,75.0,0.9051203953795758,0,-0.9232863907101206,0.3212182705292554
I will do machine learning data science and deep learning project,,4.9,29,82.86190476190477,0.0,142.10000000000002,1.7149014424458366,0,-0.8615304033904778,-0.033824624841687176
I will do statistical and data analysis,Level 2 Seller,4.9,39,36.25238095238095,2.0,191.10000000000002,5.271377906213057,1,-0.04208454515056181,-0.2447425380737912
I will build train and test nlp models using ml and dl,,5.0,5,10.361904761904762,0.0,25.0,2.4126838235294117,0,-0.9478362713774976,-0.09521425837081936
"I will do nlp, machine learning, deep learning projects",,5.0,32,5.180952380952381,0.0,160.0,30.882352941176467,0,-0.5953437418473526,-0.14003457213172568
I will solve machine learning and data science problems,,5.0,19,51.79047619047619,0.0,95.0,1.8343140860610518,0,-0.8805622656945559,0.1440990012573689
I will develop jupyter notebook for data analysis and visualization,,5.0,34,31.07619047619048,0.0,170.0,5.4704259883542745,0,-0.7561481368067413,0.026177825485321056
I will do data science deep learning and machine learning python tasks,Level 2 Seller,4.8,44,82.86190476190477,2.0,211.2,2.5488190333888854,1,-0.07801799500408543,-0.33316636530467786
I will do your opencv image processing and python projects,,4.9,10,15.538095238095238,0.0,49.0,3.1535396874042294,0,-0.9431903534275087,-0.4223387720457475
I will do omics and bioinformatics projects,,4.9,14,82.86190476190477,0.0,68.60000000000001,0.8278834549738521,0,-0.9593982064199964,-0.03597558282413165
"I will do nlp ,machine learning, data science projects",,4.6,11,5.180952380952381,0.0,50.599999999999994,9.766544117647058,0,-0.9782479047033296,-1.5571126668112285
I will do any machine or deep learning projects using python,,5.0,5,5.180952380952381,0.0,25.0,4.825367647058823,0,-0.9303454415316199,-0.12648555752827062
"I will help you in data analysis and machine learning in r, rstudio",Level 2 Seller,4.7,26,5.180952380952381,2.0,122.2,23.58639705882353,1,-0.052666360584316105,-1.1516133351048254
"I will do machine learning, deep learning, ai and computer vision tasks",,5.0,9,15.538095238095238,0.0,45.0,2.8961078761875574,0,-0.9218905083641343,-0.06528864110756977
I will do any natural language processing or nlp projects in python,,4.9,22,10.361904761904762,0.0,107.80000000000001,10.403492647058824,0,-0.820885985946169,-0.45481061310932835
I will make your machine learning projects in python,Level 1 Seller,4.9,56,31.07619047619048,1.0,274.40000000000003,8.829911124731842,0,-0.2714041796648104,-0.3014435200524769
I will do machine learning python projects,,5.0,22,129.47142857142856,0.0,110.0,0.849608297473243,0,-0.8980882612543636,0.5883930217419303
I will do machine learning projects in python,Level 2 Seller,4.9,38,88.04285714285714,2.0,186.20000000000002,2.1148791173129973,1,-0.0883908855815303,0.05269665096132633
I will do python projects using machine learning and deep learning,Level 1 Seller,4.6,11,82.86190476190477,1.0,50.599999999999994,0.6106545600827538,0,-0.7082669530927779,-1.079750287657266
